product_id,product_name,brand,variant_color,variant_key,display_color,display_sku,product_url,in_stock,fiber,yarn_weight,color_family
63498b1b-d173-45c5-874d-d437fdbb8b42,I Love This Yarn,I Love this Yarn,111 Hot Orchid,139108,353 Menthe,331769,https://www.hobbylobby.com/yarn-needle-art/yarn-tools/yarn/i-love-this-yarn/p/yn20120,True,100% Acrylic,4 - Medium,green
63498b1b-d173-45c5-874d-d437fdbb8b42,I Love This Yarn,I Love this Yarn,112 Ocean,139109,353 Menthe,331769,https://www.hobbylobby.com/yarn-needle-art/yarn-tools/yarn/i-love-this-yarn/p/yn20120,True,100% Acrylic,4 - Medium,green
63498b1b-d173-45c5-874d-d437fdbb8b42,I Love This Yarn,I Love this Yarn,113 Mango,139110,353 Menthe,331769,https://www.hobbylobby.com/yarn-needle-art/yarn-tools/yarn/i-love-this-yarn/p/yn20120,True,100% Acrylic,4 - Medium,green
63498b1b-d173-45c5-874d-d437fdbb8b42,I Love This Yarn,I Love this Yarn,10 White,35682,353 Menthe,331769,https://www.hobbylobby.com/yarn-needle-art/yarn-tools/yarn/i-love-this-yarn/p/yn20120,True,100% Acrylic,4 - Medium,green
63498b1b-d173-45c5-874d-d437fdbb8b42,I Love This Yarn,I Love this Yarn,20 Ivory,35683,353 Menthe,331769,https://www.hobbylobby.com/yarn-needle-art/yarn-tools/yarn/i-love-this-yarn/p/yn20120,True,100% Acrylic,4 - Medium,green
63498b1b-d173-45c5-874d-d437fdbb8b42,I Love This Yarn,I Love this Yarn,30 Black,35684,353 Menthe,331769,https://www.hobbylobby.com/yarn-needle-art/yarn-tools/yarn/i-love-this-yarn/p/yn20120,True,100% Acrylic,4 - Medium,green
63498b1b-d173-45c5-874d-d437fdbb8b42,I Love This Yarn,I Love this Yarn,40 Red,35685,353 Menthe,331769,https://www.hobbylobby.com/yarn-needle-art/yarn-tools/yarn/i-love-this-yarn/p/yn20120,True,100% Acrylic,4 - Medium,green
63498b1b-d173-45c5-874d-d437fdbb8b42,I Love This Yarn,I Love this Yarn,50 Cranberry,35686,353 Menthe,331769,https://www.hobbylobby.com/yarn-needle-art/yarn-tools/yarn/i-love-this-yarn/p/yn20120,True,100% Acrylic,4 - Medium,green
63498b1b-d173-45c5-874d-d437fdbb8b42,I Love This Yarn,I Love this Yarn,60 Aubergine,35687,353 Menthe,331769,https://www.hobbylobby.com/yarn-needle-art/yarn-tools/yarn/i-love-this-yarn/p/yn20120,True,100% Acrylic,4 - Medium,green
63498b1b-d173-45c5-874d-d437fdbb8b42,I Love This Yarn,I Love this Yarn,70 Soft Blue,35688,353 Menthe,331769,https://www.hobbylobby.com/yarn-needle-art/yarn-tools/yarn/i-love-this-yarn/p/yn20120,True,100% Acrylic,4 - Medium,green
63498b1b-d173-45c5-874d-d437fdbb8b42,I Love This Yarn,I Love this Yarn,80 Royal,35689,353 Menthe,331769,https://www.hobbylobby.com/yarn-needle-art/yarn-tools/yarn/i-love-this-yarn/p/yn20120,True,100% Acrylic,4 - Medium,green
63498b1b-d173-45c5-874d-d437fdbb8b42,I Love This Yarn,I Love this Yarn,90 Navy,35690,353 Menthe,331769,https://www.hobbylobby.com/yarn-needle-art/yarn-tools/yarn/i-love-this-yarn/p/yn20120,True,100% Acrylic,4 - Medium,green
63498b1b-d173-45c5-874d-d437fdbb8b42,I Love This Yarn,I Love this Yarn,100 Pink,35879,353 Menthe,331769,https://www.hobbylobby.com/yarn-needle-art/yarn-tools/yarn/i-love-this-yarn/p/yn20120,True,100% Acrylic,4 - Medium,green
63498b1b-d173-45c5-874d-d437fdbb8b42,I Love This Yarn,I Love this Yarn,110 Turquoise,35880,353 Menthe,331769,https://www.hobbylobby.com/yarn-needle-art/yarn-tools/yarn/i-love-this-yarn/p/yn20120,True,100% Acrylic,4 - Medium,green
63498b1b-d173-45c5-874d-d437fdbb8b42,I Love This Yarn,I Love this Yarn,120 Medium Blue,35881,353 Menthe,331769,https://www.hobbylobby.com/yarn-needle-art/yarn-tools/yarn/i-love-this-yarn/p/yn20120,True,100% Acrylic,4 - Medium,green
63498b1b-d173-45c5-874d-d437fdbb8b42,I Love This Yarn,I Love this Yarn,130 Dark Olive,35882,353 Menthe,331769,https://www.hobbylobby.com/yarn-needle-art/yarn-tools/yarn/i-love-this-yarn/p/yn20120,True,100% Acrylic,4 - Medium,green
63498b1b-d173-45c5-874d-d437fdbb8b42,I Love This Yarn,I Love this Yarn,160 Brown,35883,353 Menthe,331769,https://www.hobbylobby.com/yarn-needle-art/yarn-tools/yarn/i-love-this-yarn/p/yn20120,True,100% Acrylic,4 - Medium,green
63498b1b-d173-45c5-874d-d437fdbb8b42,I Love This Yarn,I Love this Yarn,180 Forest Green,35885,353 Menthe,331769,https://www.hobbylobby.com/yarn-needle-art/yarn-tools/yarn/i-love-this-yarn/p/yn20120,True,100% Acrylic,4 - Medium,green
63498b1b-d173-45c5-874d-d437fdbb8b42,I Love This Yarn,I Love this Yarn,350 Hot Rose,35886,353 Menthe,331769,https://www.hobbylobby.com/yarn-needle-art/yarn-tools/yarn/i-love-this-yarn/p/yn20120,True,100% Acrylic,4 - Medium,green
63498b1b-d173-45c5-874d-d437fdbb8b42,I Love This Yarn,I Love this Yarn,190 Light Gray,35887,353 Menthe,331769,https://www.hobbylobby.com/yarn-needle-art/yarn-tools/yarn/i-love-this-yarn/p/yn20120,True,100% Acrylic,4 - Medium,green
63498b1b-d173-45c5-874d-d437fdbb8b42,I Love This Yarn,I Love this Yarn,200 Gray Mist,35888,353 Menthe,331769,https://www.hobbylobby.com/yarn-needle-art/yarn-tools/yarn/i-love-this-yarn/p/yn20120,True,100% Acrylic,4 - Medium,green
63498b1b-d173-45c5-874d-d437fdbb8b42,I Love This Yarn,I Love this Yarn,220 Coffee,35889,353 Menthe,331769,https://www.hobbylobby.com/yarn-needle-art/yarn-tools/yarn/i-love-this-yarn/p/yn20120,True,100% Acrylic,4 - Medium,green
63498b1b-d173-45c5-874d-d437fdbb8b42,I Love This Yarn,I Love this Yarn,250 Dark Country Blue,35890,353 Menthe,331769,https://www.hobbylobby.com/yarn-needle-art/yarn-tools/yarn/i-love-this-yarn/p/yn20120,True,100% Acrylic,4 - Medium,green
63498b1b-d173-45c5-874d-d437fdbb8b42,I Love This Yarn,I Love this Yarn,240 Linen,35905,353 Menthe,331769,https://www.hobbylobby.com/yarn-needle-art/yarn-tools/yarn/i-love-this-yarn/p/yn20120,True,100% Acrylic,4 - Medium,green
63498b1b-d173-45c5-874d-d437fdbb8b42,I Love This Yarn,I Love this Yarn,150 Toasted Almond,35906,353 Menthe,331769,https://www.hobbylobby.com/yarn-needle-art/yarn-tools/yarn/i-love-this-yarn/p/yn20120,True,100% Acrylic,4 - Medium,green
63498b1b-d173-45c5-874d-d437fdbb8b42,I Love This Yarn,I Love this Yarn,260 Light Sage,35908,353 Menthe,331769,https://www.hobbylobby.com/yarn-needle-art/yarn-tools/yarn/i-love-this-yarn/p/yn20120,True,100% Acrylic,4 - Medium,green
63498b1b-d173-45c5-874d-d437fdbb8b42,I Love This Yarn,I Love this Yarn,320 Sea Blue,35909,353 Menthe,331769,https://www.hobbylobby.com/yarn-needle-art/yarn-tools/yarn/i-love-this-yarn/p/yn20120,True,100% Acrylic,4 - Medium,green
63498b1b-d173-45c5-874d-d437fdbb8b42,I Love This Yarn,I Love this Yarn,270 Fire Red,35910,353 Menthe,331769,https://www.hobbylobby.com/yarn-needle-art/yarn-tools/yarn/i-love-this-yarn/p/yn20120,True,100% Acrylic,4 - Medium,green
63498b1b-d173-45c5-874d-d437fdbb8b42,I Love This Yarn,I Love this Yarn,330 Yellow,35911,353 Menthe,331769,https://www.hobbylobby.com/yarn-needle-art/yarn-tools/yarn/i-love-this-yarn/p/yn20120,True,100% Acrylic,4 - Medium,green
63498b1b-d173-45c5-874d-d437fdbb8b42,I Love This Yarn,I Love this Yarn,210 Antique White,35912,353 Menthe,331769,https://www.hobbylobby.com/yarn-needle-art/yarn-tools/yarn/i-love-this-yarn/p/yn20120,True,100% Acrylic,4 - Medium,green
63498b1b-d173-45c5-874d-d437fdbb8b42,I Love This Yarn,I Love this Yarn,340 Buttercup,35913,353 Menthe,331769,https://www.hobbylobby.com/yarn-needle-art/yarn-tools/yarn/i-love-this-yarn/p/yn20120,True,100% Acrylic,4 - Medium,green
63498b1b-d173-45c5-874d-d437fdbb8b42,I Love This Yarn,I Love this Yarn,290 Orchid,35942,353 Menthe,331769,https://www.hobbylobby.com/yarn-needle-art/yarn-tools/yarn/i-love-this-yarn/p/yn20120,True,100% Acrylic,4 - Medium,green
63498b1b-d173-45c5-874d-d437fdbb8b42,I Love This Yarn,I Love this Yarn,300 Grape,35943,353 Menthe,331769,https://www.hobbylobby.com/yarn-needle-art/yarn-tools/yarn/i-love-this-yarn/p/yn20120,True,100% Acrylic,4 - Medium,green
63498b1b-d173-45c5-874d-d437fdbb8b42,I Love This Yarn,I Love this Yarn,310 Peacock,35944,353 Menthe,331769,https://www.hobbylobby.com/yarn-needle-art/yarn-tools/yarn/i-love-this-yarn/p/yn20120,True,100% Acrylic,4 - Medium,green
63498b1b-d173-45c5-874d-d437fdbb8b42,I Love This Yarn,I Love this Yarn,280 Periwinkle,35945,353 Menthe,331769,https://www.hobbylobby.com/yarn-needle-art/yarn-tools/yarn/i-love-this-yarn/p/yn20120,True,100% Acrylic,4 - Medium,green
63498b1b-d173-45c5-874d-d437fdbb8b42,I Love This Yarn,I Love this Yarn,230 Light Peach,35946,353 Menthe,331769,https://www.hobbylobby.com/yarn-needle-art/yarn-tools/yarn/i-love-this-yarn/p/yn20120,True,100% Acrylic,4 - Medium,green
63498b1b-d173-45c5-874d-d437fdbb8b42,I Love This Yarn,I Love this Yarn,102 Soft Pink,36020,353 Menthe,331769,https://www.hobbylobby.com/yarn-needle-art/yarn-tools/yarn/i-love-this-yarn/p/yn20120,True,100% Acrylic,4 - Medium,green
63498b1b-d173-45c5-874d-d437fdbb8b42,I Love This Yarn,I Love this Yarn,152 Terra Cotta,36105,353 Menthe,331769,https://www.hobbylobby.com/yarn-needle-art/yarn-tools/yarn/i-love-this-yarn/p/yn20120,True,100% Acrylic,4 - Medium,green
63498b1b-d173-45c5-874d-d437fdbb8b42,I Love This Yarn,I Love this Yarn,154 Burnt Pumpkin,36106,353 Menthe,331769,https://www.hobbylobby.com/yarn-needle-art/yarn-tools/yarn/i-love-this-yarn/p/yn20120,True,100% Acrylic,4 - Medium,green
63498b1b-d173-45c5-874d-d437fdbb8b42,I Love This Yarn,I Love this Yarn,156 Sungold,36107,353 Menthe,331769,https://www.hobbylobby.com/yarn-needle-art/yarn-tools/yarn/i-love-this-yarn/p/yn20120,True,100% Acrylic,4 - Medium,green
63498b1b-d173-45c5-874d-d437fdbb8b42,I Love This Yarn,I Love this Yarn,103 Antique Teal,36109,353 Menthe,331769,https://www.hobbylobby.com/yarn-needle-art/yarn-tools/yarn/i-love-this-yarn/p/yn20120,True,100% Acrylic,4 - Medium,green
63498b1b-d173-45c5-874d-d437fdbb8b42,I Love This Yarn,I Love this Yarn,788 Limelight,36446,353 Menthe,331769,https://www.hobbylobby.com/yarn-needle-art/yarn-tools/yarn/i-love-this-yarn/p/yn20120,True,100% Acrylic,4 - Medium,green
63498b1b-d173-45c5-874d-d437fdbb8b42,I Love This Yarn,I Love this Yarn,796 Cream,36651,353 Menthe,331769,https://www.hobbylobby.com/yarn-needle-art/yarn-tools/yarn/i-love-this-yarn/p/yn20120,True,100% Acrylic,4 - Medium,green
63498b1b-d173-45c5-874d-d437fdbb8b42,I Love This Yarn,I Love this Yarn,201 Grey Beard,36653,353 Menthe,331769,https://www.hobbylobby.com/yarn-needle-art/yarn-tools/yarn/i-love-this-yarn/p/yn20120,True,100% Acrylic,4 - Medium,green
63498b1b-d173-45c5-874d-d437fdbb8b42,I Love This Yarn,I Love this Yarn,292 Amethyst,36654,353 Menthe,331769,https://www.hobbylobby.com/yarn-needle-art/yarn-tools/yarn/i-love-this-yarn/p/yn20120,True,100% Acrylic,4 - Medium,green
63498b1b-d173-45c5-874d-d437fdbb8b42,I Love This Yarn,I Love this Yarn,797 Light Taupe,36655,353 Menthe,331769,https://www.hobbylobby.com/yarn-needle-art/yarn-tools/yarn/i-love-this-yarn/p/yn20120,True,100% Acrylic,4 - Medium,green
63498b1b-d173-45c5-874d-d437fdbb8b42,I Love This Yarn,I Love this Yarn,293 Purple,36656,353 Menthe,331769,https://www.hobbylobby.com/yarn-needle-art/yarn-tools/yarn/i-love-this-yarn/p/yn20120,True,100% Acrylic,4 - Medium,green
63498b1b-d173-45c5-874d-d437fdbb8b42,I Love This Yarn,I Love this Yarn,101 Rosy Cheeks,36658,353 Menthe,331769,https://www.hobbylobby.com/yarn-needle-art/yarn-tools/yarn/i-love-this-yarn/p/yn20120,True,100% Acrylic,4 - Medium,green
63498b1b-d173-45c5-874d-d437fdbb8b42,I Love This Yarn,I Love this Yarn,96 Stonewash,37073,353 Menthe,331769,https://www.hobbylobby.com/yarn-needle-art/yarn-tools/yarn/i-love-this-yarn/p/yn20120,True,100% Acrylic,4 - Medium,green
63498b1b-d173-45c5-874d-d437fdbb8b42,I Love This Yarn,I Love this Yarn,98 Dark Denim,37074,353 Menthe,331769,https://www.hobbylobby.com/yarn-needle-art/yarn-tools/yarn/i-love-this-yarn/p/yn20120,True,100% Acrylic,4 - Medium,green
63498b1b-d173-45c5-874d-d437fdbb8b42,I Love This Yarn,I Love this Yarn,294 Mixed Berry,37139,353 Menthe,331769,https://www.hobbylobby.com/yarn-needle-art/yarn-tools/yarn/i-love-this-yarn/p/yn20120,True,100% Acrylic,4 - Medium,green
63498b1b-d173-45c5-874d-d437fdbb8b42,I Love This Yarn,I Love this Yarn,181 Jelly Bean,37140,353 Menthe,331769,https://www.hobbylobby.com/yarn-needle-art/yarn-tools/yarn/i-love-this-yarn/p/yn20120,True,100% Acrylic,4 - Medium,green
63498b1b-d173-45c5-874d-d437fdbb8b42,I Love This Yarn,I Love this Yarn,359 Lemon Ice,41834,353 Menthe,331769,https://www.hobbylobby.com/yarn-needle-art/yarn-tools/yarn/i-love-this-yarn/p/yn20120,True,100% Acrylic,4 - Medium,green
63498b1b-d173-45c5-874d-d437fdbb8b42,I Love This Yarn,I Love this Yarn,36 Arctic Ice,43414,353 Menthe,331769,https://www.hobbylobby.com/yarn-needle-art/yarn-tools/yarn/i-love-this-yarn/p/yn20120,True,100% Acrylic,4 - Medium,green
63498b1b-d173-45c5-874d-d437fdbb8b42,I Love This Yarn,I Love this Yarn,354 Tropical Pink,43418,353 Menthe,331769,https://www.hobbylobby.com/yarn-needle-art/yarn-tools/yarn/i-love-this-yarn/p/yn20120,True,100% Acrylic,4 - Medium,green
63498b1b-d173-45c5-874d-d437fdbb8b42,I Love This Yarn,I Love this Yarn,364 Glacier,43431,353 Menthe,331769,https://www.hobbylobby.com/yarn-needle-art/yarn-tools/yarn/i-love-this-yarn/p/yn20120,True,100% Acrylic,4 - Medium,green
63498b1b-d173-45c5-874d-d437fdbb8b42,I Love This Yarn,I Love this Yarn,12 Spa,81040492,353 Menthe,331769,https://www.hobbylobby.com/yarn-needle-art/yarn-tools/yarn/i-love-this-yarn/p/yn20120,True,100% Acrylic,4 - Medium,green
63498b1b-d173-45c5-874d-d437fdbb8b42,I Love This Yarn,I Love this Yarn,72 Cinnamon,81087755,353 Menthe,331769,https://www.hobbylobby.com/yarn-needle-art/yarn-tools/yarn/i-love-this-yarn/p/yn20120,True,100% Acrylic,4 - Medium,green
63498b1b-d173-45c5-874d-d437fdbb8b42,I Love This Yarn,I Love this Yarn,74 Blue Spruce,81087766,353 Menthe,331769,https://www.hobbylobby.com/yarn-needle-art/yarn-tools/yarn/i-love-this-yarn/p/yn20120,True,100% Acrylic,4 - Medium,green
63498b1b-d173-45c5-874d-d437fdbb8b42,I Love This Yarn,I Love this Yarn,75 Clover,81087767,353 Menthe,331769,https://www.hobbylobby.com/yarn-needle-art/yarn-tools/yarn/i-love-this-yarn/p/yn20120,True,100% Acrylic,4 - Medium,green
63498b1b-d173-45c5-874d-d437fdbb8b42,I Love This Yarn,I Love this Yarn,76 Cherry Blossom,81087768,353 Menthe,331769,https://www.hobbylobby.com/yarn-needle-art/yarn-tools/yarn/i-love-this-yarn/p/yn20120,True,100% Acrylic,4 - Medium,green
63498b1b-d173-45c5-874d-d437fdbb8b42,I Love This Yarn,I Love this Yarn,950 Pink Neon,96083,353 Menthe,331769,https://www.hobbylobby.com/yarn-needle-art/yarn-tools/yarn/i-love-this-yarn/p/yn20120,True,100% Acrylic,4 - Medium,green
63498b1b-d173-45c5-874d-d437fdbb8b42,I Love This Yarn,I Love this Yarn,952 Orange Neon,96085,353 Menthe,331769,https://www.hobbylobby.com/yarn-needle-art/yarn-tools/yarn/i-love-this-yarn/p/yn20120,True,100% Acrylic,4 - Medium,green
63498b1b-d173-45c5-874d-d437fdbb8b42,I Love This Yarn,I Love this Yarn,356 Desert Glaze,96092,353 Menthe,331769,https://www.hobbylobby.com/yarn-needle-art/yarn-tools/yarn/i-love-this-yarn/p/yn20120,True,100% Acrylic,4 - Medium,green
63498b1b-d173-45c5-874d-d437fdbb8b42,I Love This Yarn,I Love this Yarn,357 Keylime,96093,353 Menthe,331769,https://www.hobbylobby.com/yarn-needle-art/yarn-tools/yarn/i-love-this-yarn/p/yn20120,True,100% Acrylic,4 - Medium,green
63498b1b-d173-45c5-874d-d437fdbb8b42,I Love This Yarn,I Love this Yarn,353 Menthe,96097,353 Menthe,331769,https://www.hobbylobby.com/yarn-needle-art/yarn-tools/yarn/i-love-this-yarn/p/yn20120,True,100% Acrylic,4 - Medium,green
990d04ea-ded8-4247-b8c3-a26d2bd8ce3b,Baby Bee Sweet Delight Twist Yarn,Baby Bee,90 Bare Blue,,90 Bare Blue,267369,https://www.hobbylobby.com/yarn-needle-art/yarn-tools/yarn/baby-bee-sweet-delight-twist-yarn/p/yn20230,True,85% Acrylic & 15% Polyamide,5 - Bulky,blue
b9ff7cbb-ed0d-49a7-8ae7-a0929105d27b,Yarn Bee Eternal Bliss Yarn,Yarn Bee,4 Medium Gray,80791723,Orchid,2553873,https://www.hobbylobby.com/yarn-needle-art/yarn-tools/yarn/yarn-bee-eternal-bliss-yarn/p/eb57014,True,100% Polyester,7 - Jumbo,purple
b9ff7cbb-ed0d-49a7-8ae7-a0929105d27b,Yarn Bee Eternal Bliss Yarn,Yarn Bee,5 Cranberry,80791724,Orchid,2553873,https://www.hobbylobby.com/yarn-needle-art/yarn-tools/yarn/yarn-bee-eternal-bliss-yarn/p/eb57014,True,100% Polyester,7 - Jumbo,purple
b9ff7cbb-ed0d-49a7-8ae7-a0929105d27b,Yarn Bee Eternal Bliss Yarn,Yarn Bee,6 Light Gray,80791725,Orchid,2553873,https://www.hobbylobby.com/yarn-needle-art/yarn-tools/yarn/yarn-bee-eternal-bliss-yarn/p/eb57014,True,100% Polyester,7 - Jumbo,purple
b9ff7cbb-ed0d-49a7-8ae7-a0929105d27b,Yarn Bee Eternal Bliss Yarn,Yarn Bee,7 Country Blue,80791726,Orchid,2553873,https://www.hobbylobby.com/yarn-needle-art/yarn-tools/yarn/yarn-bee-eternal-bliss-yarn/p/eb57014,True,100% Polyester,7 - Jumbo,purple
b9ff7cbb-ed0d-49a7-8ae7-a0929105d27b,Yarn Bee Eternal Bliss Yarn,Yarn Bee,8 Teal,80791727,Orchid,2553873,https://www.hobbylobby.com/yarn-needle-art/yarn-tools/yarn/yarn-bee-eternal-bliss-yarn/p/eb57014,True,100% Polyester,7 - Jumbo,purple
b9ff7cbb-ed0d-49a7-8ae7-a0929105d27b,Yarn Bee Eternal Bliss Yarn,Yarn Bee,12 White,80842872,Orchid,2553873,https://www.hobbylobby.com/yarn-needle-art/yarn-tools/yarn/yarn-bee-eternal-bliss-yarn/p/eb57014,True,100% Polyester,7 - Jumbo,purple
b9ff7cbb-ed0d-49a7-8ae7-a0929105d27b,Yarn Bee Eternal Bliss Yarn,Yarn Bee,10 Soft Pink,80842873,Orchid,2553873,https://www.hobbylobby.com/yarn-needle-art/yarn-tools/yarn/yarn-bee-eternal-bliss-yarn/p/eb57014,True,100% Polyester,7 - Jumbo,purple
b9ff7cbb-ed0d-49a7-8ae7-a0929105d27b,Yarn Bee Eternal Bliss Yarn,Yarn Bee,14 Spa Blue,80842874,Orchid,2553873,https://www.hobbylobby.com/yarn-needle-art/yarn-tools/yarn/yarn-bee-eternal-bliss-yarn/p/eb57014,True,100% Polyester,7 - Jumbo,purple
b9ff7cbb-ed0d-49a7-8ae7-a0929105d27b,Yarn Bee Eternal Bliss Yarn,Yarn Bee,16 Taupe,80842876,Orchid,2553873,https://www.hobbylobby.com/yarn-needle-art/yarn-tools/yarn/yarn-bee-eternal-bliss-yarn/p/eb57014,True,100% Polyester,7 - Jumbo,purple
b9ff7cbb-ed0d-49a7-8ae7-a0929105d27b,Yarn Bee Eternal Bliss Yarn,Yarn Bee,16 Sage,80953597,Orchid,2553873,https://www.hobbylobby.com/yarn-needle-art/yarn-tools/yarn/yarn-bee-eternal-bliss-yarn/p/eb57014,True,100% Polyester,7 - Jumbo,purple
b9ff7cbb-ed0d-49a7-8ae7-a0929105d27b,Yarn Bee Eternal Bliss Yarn,Yarn Bee,18 Red,80953600,Orchid,2553873,https://www.hobbylobby.com/yarn-needle-art/yarn-tools/yarn/yarn-bee-eternal-bliss-yarn/p/eb57014,True,100% Polyester,7 - Jumbo,purple
b9ff7cbb-ed0d-49a7-8ae7-a0929105d27b,Yarn Bee Eternal Bliss Yarn,Yarn Bee,20 Navy,80953601,Orchid,2553873,https://www.hobbylobby.com/yarn-needle-art/yarn-tools/yarn/yarn-bee-eternal-bliss-yarn/p/eb57014,True,100% Polyester,7 - Jumbo,purple
b9ff7cbb-ed0d-49a7-8ae7-a0929105d27b,Yarn Bee Eternal Bliss Yarn,Yarn Bee,22 Spiced Persimmon,80990768,Orchid,2553873,https://www.hobbylobby.com/yarn-needle-art/yarn-tools/yarn/yarn-bee-eternal-bliss-yarn/p/eb57014,True,100% Polyester,7 - Jumbo,purple
b9ff7cbb-ed0d-49a7-8ae7-a0929105d27b,Yarn Bee Eternal Bliss Yarn,Yarn Bee,24 Mustard,80990769,Orchid,2553873,https://www.hobbylobby.com/yarn-needle-art/yarn-tools/yarn/yarn-bee-eternal-bliss-yarn/p/eb57014,True,100% Polyester,7 - Jumbo,purple
b9ff7cbb-ed0d-49a7-8ae7-a0929105d27b,Yarn Bee Eternal Bliss Yarn,Yarn Bee,26 Black,81038820,Orchid,2553873,https://www.hobbylobby.com/yarn-needle-art/yarn-tools/yarn/yarn-bee-eternal-bliss-yarn/p/eb57014,True,100% Polyester,7 - Jumbo,purple
b9ff7cbb-ed0d-49a7-8ae7-a0929105d27b,Yarn Bee Eternal Bliss Yarn,Yarn Bee,28 French Lilac,81038821,Orchid,2553873,https://www.hobbylobby.com/yarn-needle-art/yarn-tools/yarn/yarn-bee-eternal-bliss-yarn/p/eb57014,True,100% Polyester,7 - Jumbo,purple
b9ff7cbb-ed0d-49a7-8ae7-a0929105d27b,Yarn Bee Eternal Bliss Yarn,Yarn Bee,30 Olive,81038823,Orchid,2553873,https://www.hobbylobby.com/yarn-needle-art/yarn-tools/yarn/yarn-bee-eternal-bliss-yarn/p/eb57014,True,100% Polyester,7 - Jumbo,purple
b9ff7cbb-ed0d-49a7-8ae7-a0929105d27b,Yarn Bee Eternal Bliss Yarn,Yarn Bee,34 Coffee,81150925,Orchid,2553873,https://www.hobbylobby.com/yarn-needle-art/yarn-tools/yarn/yarn-bee-eternal-bliss-yarn/p/eb57014,True,100% Polyester,7 - Jumbo,purple
b9ff7cbb-ed0d-49a7-8ae7-a0929105d27b,Yarn Bee Eternal Bliss Yarn,Yarn Bee,38 Truffle,81186035,Orchid,2553873,https://www.hobbylobby.com/yarn-needle-art/yarn-tools/yarn/yarn-bee-eternal-bliss-yarn/p/eb57014,True,100% Polyester,7 - Jumbo,purple
b9ff7cbb-ed0d-49a7-8ae7-a0929105d27b,Yarn Bee Eternal Bliss Yarn,Yarn Bee,40 Across the Isle,81186037,Orchid,2553873,https://www.hobbylobby.com/yarn-needle-art/yarn-tools/yarn/yarn-bee-eternal-bliss-yarn/p/eb57014,True,100% Polyester,7 - Jumbo,purple
b9ff7cbb-ed0d-49a7-8ae7-a0929105d27b,Yarn Bee Eternal Bliss Yarn,Yarn Bee,44 Butterscotch Medallion,81186040,Orchid,2553873,https://www.hobbylobby.com/yarn-needle-art/yarn-tools/yarn/yarn-bee-eternal-bliss-yarn/p/eb57014,True,100% Polyester,7 - Jumbo,purple
b9ff7cbb-ed0d-49a7-8ae7-a0929105d27b,Yarn Bee Eternal Bliss Yarn,Yarn Bee,46 Nice To See Blue,81186042,Orchid,2553873,https://www.hobbylobby.com/yarn-needle-art/yarn-tools/yarn/yarn-bee-eternal-bliss-yarn/p/eb57014,True,100% Polyester,7 - Jumbo,purple
b9ff7cbb-ed0d-49a7-8ae7-a0929105d27b,Yarn Bee Eternal Bliss Yarn,Yarn Bee,50 Mulberry It Over,81186045,Orchid,2553873,https://www.hobbylobby.com/yarn-needle-art/yarn-tools/yarn/yarn-bee-eternal-bliss-yarn/p/eb57014,True,100% Polyester,7 - Jumbo,purple
b9ff7cbb-ed0d-49a7-8ae7-a0929105d27b,Yarn Bee Eternal Bliss Yarn,Yarn Bee,1 Ivory,80791722,Orchid,2553873,https://www.hobbylobby.com/yarn-needle-art/yarn-tools/yarn/yarn-bee-eternal-bliss-yarn/p/eb57014,True,100% Polyester,7 - Jumbo,purple
b9ff7cbb-ed0d-49a7-8ae7-a0929105d27b,Yarn Bee Eternal Bliss Yarn,Yarn Bee,42 Bridesmaid Dress,81186039,Orchid,2553873,https://www.hobbylobby.com/yarn-needle-art/yarn-tools/yarn/yarn-bee-eternal-bliss-yarn/p/eb57014,True,100% Polyester,7 - Jumbo,purple
b9ff7cbb-ed0d-49a7-8ae7-a0929105d27b,Yarn Bee Eternal Bliss Yarn,Yarn Bee,Forest,81227479,Orchid,2553873,https://www.hobbylobby.com/yarn-needle-art/yarn-tools/yarn/yarn-bee-eternal-bliss-yarn/p/eb57014,True,100% Polyester,7 - Jumbo,purple
b9ff7cbb-ed0d-49a7-8ae7-a0929105d27b,Yarn Bee Eternal Bliss Yarn,Yarn Bee,Key Lime,81227478,Orchid,2553873,https://www.hobbylobby.com/yarn-needle-art/yarn-tools/yarn/yarn-bee-eternal-bliss-yarn/p/eb57014,True,100% Polyester,7 - Jumbo,purple
b9ff7cbb-ed0d-49a7-8ae7-a0929105d27b,Yarn Bee Eternal Bliss Yarn,Yarn Bee,Orchid,81235012,Orchid,2553873,https://www.hobbylobby.com/yarn-needle-art/yarn-tools/yarn/yarn-bee-eternal-bliss-yarn/p/eb57014,True,100% Polyester,7 - Jumbo,purple
b9ff7cbb-ed0d-49a7-8ae7-a0929105d27b,Yarn Bee Eternal Bliss Yarn,Yarn Bee,Yellow,81235011,Orchid,2553873,https://www.hobbylobby.com/yarn-needle-art/yarn-tools/yarn/yarn-bee-eternal-bliss-yarn/p/eb57014,True,100% Polyester,7 - Jumbo,purple
472933f7-e3eb-4c42-ade9-5b42052dc318,Yarn Bee Sugarwheel Sparkle Yarn,Yarn Bee,202 Parisian Sweet Shoppe,81148392,202 Parisian Sweet Shoppe,2312320,https://www.hobbylobby.com/yarn-needle-art/yarn-tools/yarn/yarn-bee-sugarwheel-sparkle-yarn/p/p81148392,True,97% Acrylic & 3% Metallic Polyester,4 - Medium,multi
85a0e532-9714-4f0d-a13b-0c20729b36c8,I Love This Cotton Yarn,I Love this Cotton,308 Pewter,118979,326 Curry,1336627,https://www.hobbylobby.com/yarn-needle-art/yarn-tools/yarn/i-love-this-cotton-yarn/p/yn20330,True,100% Cotton,4 - Medium,yellow
85a0e532-9714-4f0d-a13b-0c20729b36c8,I Love This Cotton Yarn,I Love this Cotton,310 Dove,118980,326 Curry,1336627,https://www.hobbylobby.com/yarn-needle-art/yarn-tools/yarn/i-love-this-cotton-yarn/p/yn20330,True,100% Cotton,4 - Medium,yellow
85a0e532-9714-4f0d-a13b-0c20729b36c8,I Love This Cotton Yarn,I Love this Cotton,99 Rosey II,139212,326 Curry,1336627,https://www.hobbylobby.com/yarn-needle-art/yarn-tools/yarn/i-love-this-cotton-yarn/p/yn20330,True,100% Cotton,4 - Medium,yellow
85a0e532-9714-4f0d-a13b-0c20729b36c8,I Love This Cotton Yarn,I Love this Cotton,100 Bright Citrus,139213,326 Curry,1336627,https://www.hobbylobby.com/yarn-needle-art/yarn-tools/yarn/i-love-this-cotton-yarn/p/yn20330,True,100% Cotton,4 - Medium,yellow
85a0e532-9714-4f0d-a13b-0c20729b36c8,I Love This Cotton Yarn,I Love this Cotton,102 Glowing,139215,326 Curry,1336627,https://www.hobbylobby.com/yarn-needle-art/yarn-tools/yarn/i-love-this-cotton-yarn/p/yn20330,True,100% Cotton,4 - Medium,yellow
85a0e532-9714-4f0d-a13b-0c20729b36c8,I Love This Cotton Yarn,I Love this Cotton,2 Black,36167,326 Curry,1336627,https://www.hobbylobby.com/yarn-needle-art/yarn-tools/yarn/i-love-this-cotton-yarn/p/yn20330,True,100% Cotton,4 - Medium,yellow
85a0e532-9714-4f0d-a13b-0c20729b36c8,I Love This Cotton Yarn,I Love this Cotton,6 White,36171,326 Curry,1336627,https://www.hobbylobby.com/yarn-needle-art/yarn-tools/yarn/i-love-this-cotton-yarn/p/yn20330,True,100% Cotton,4 - Medium,yellow
85a0e532-9714-4f0d-a13b-0c20729b36c8,I Love This Cotton Yarn,I Love this Cotton,74 Pink,36172,326 Curry,1336627,https://www.hobbylobby.com/yarn-needle-art/yarn-tools/yarn/i-love-this-cotton-yarn/p/yn20330,True,100% Cotton,4 - Medium,yellow
85a0e532-9714-4f0d-a13b-0c20729b36c8,I Love This Cotton Yarn,I Love this Cotton,68 Aqua,36174,326 Curry,1336627,https://www.hobbylobby.com/yarn-needle-art/yarn-tools/yarn/i-love-this-cotton-yarn/p/yn20330,True,100% Cotton,4 - Medium,yellow
85a0e532-9714-4f0d-a13b-0c20729b36c8,I Love This Cotton Yarn,I Love this Cotton,12 Buttercup,36177,326 Curry,1336627,https://www.hobbylobby.com/yarn-needle-art/yarn-tools/yarn/i-love-this-cotton-yarn/p/yn20330,True,100% Cotton,4 - Medium,yellow
85a0e532-9714-4f0d-a13b-0c20729b36c8,I Love This Cotton Yarn,I Love this Cotton,20 Brown,36179,326 Curry,1336627,https://www.hobbylobby.com/yarn-needle-art/yarn-tools/yarn/i-love-this-cotton-yarn/p/yn20330,True,100% Cotton,4 - Medium,yellow
85a0e532-9714-4f0d-a13b-0c20729b36c8,I Love This Cotton Yarn,I Love this Cotton,24 Ivory,36180,326 Curry,1336627,https://www.hobbylobby.com/yarn-needle-art/yarn-tools/yarn/i-love-this-cotton-yarn/p/yn20330,True,100% Cotton,4 - Medium,yellow
85a0e532-9714-4f0d-a13b-0c20729b36c8,I Love This Cotton Yarn,I Love this Cotton,60 Red,36182,326 Curry,1336627,https://www.hobbylobby.com/yarn-needle-art/yarn-tools/yarn/i-love-this-cotton-yarn/p/yn20330,True,100% Cotton,4 - Medium,yellow
85a0e532-9714-4f0d-a13b-0c20729b36c8,I Love This Cotton Yarn,I Love this Cotton,52 Forest Green,36184,326 Curry,1336627,https://www.hobbylobby.com/yarn-needle-art/yarn-tools/yarn/i-love-this-cotton-yarn/p/yn20330,True,100% Cotton,4 - Medium,yellow
85a0e532-9714-4f0d-a13b-0c20729b36c8,I Love This Cotton Yarn,I Love this Cotton,40 Sage,36185,326 Curry,1336627,https://www.hobbylobby.com/yarn-needle-art/yarn-tools/yarn/i-love-this-cotton-yarn/p/yn20330,True,100% Cotton,4 - Medium,yellow
85a0e532-9714-4f0d-a13b-0c20729b36c8,I Love This Cotton Yarn,I Love this Cotton,48 Taupe,36187,326 Curry,1336627,https://www.hobbylobby.com/yarn-needle-art/yarn-tools/yarn/i-love-this-cotton-yarn/p/yn20330,True,100% Cotton,4 - Medium,yellow
85a0e532-9714-4f0d-a13b-0c20729b36c8,I Love This Cotton Yarn,I Love this Cotton,80 Antique Gold,36189,326 Curry,1336627,https://www.hobbylobby.com/yarn-needle-art/yarn-tools/yarn/i-love-this-cotton-yarn/p/yn20330,True,100% Cotton,4 - Medium,yellow
85a0e532-9714-4f0d-a13b-0c20729b36c8,I Love This Cotton Yarn,I Love this Cotton,82 Burnt Sienna,36190,326 Curry,1336627,https://www.hobbylobby.com/yarn-needle-art/yarn-tools/yarn/i-love-this-cotton-yarn/p/yn20330,True,100% Cotton,4 - Medium,yellow
85a0e532-9714-4f0d-a13b-0c20729b36c8,I Love This Cotton Yarn,I Love this Cotton,250 Amethyst,36674,326 Curry,1336627,https://www.hobbylobby.com/yarn-needle-art/yarn-tools/yarn/i-love-this-cotton-yarn/p/yn20330,True,100% Cotton,4 - Medium,yellow
85a0e532-9714-4f0d-a13b-0c20729b36c8,I Love This Cotton Yarn,I Love this Cotton,252 Purple,36675,326 Curry,1336627,https://www.hobbylobby.com/yarn-needle-art/yarn-tools/yarn/i-love-this-cotton-yarn/p/yn20330,True,100% Cotton,4 - Medium,yellow
85a0e532-9714-4f0d-a13b-0c20729b36c8,I Love This Cotton Yarn,I Love this Cotton,254 Rosy,36676,326 Curry,1336627,https://www.hobbylobby.com/yarn-needle-art/yarn-tools/yarn/i-love-this-cotton-yarn/p/yn20330,True,100% Cotton,4 - Medium,yellow
85a0e532-9714-4f0d-a13b-0c20729b36c8,I Love This Cotton Yarn,I Love this Cotton,304 Stonewash Blue,36914,326 Curry,1336627,https://www.hobbylobby.com/yarn-needle-art/yarn-tools/yarn/i-love-this-cotton-yarn/p/yn20330,True,100% Cotton,4 - Medium,yellow
85a0e532-9714-4f0d-a13b-0c20729b36c8,I Love This Cotton Yarn,I Love this Cotton,306 Dark Denim,36915,326 Curry,1336627,https://www.hobbylobby.com/yarn-needle-art/yarn-tools/yarn/i-love-this-cotton-yarn/p/yn20330,True,100% Cotton,4 - Medium,yellow
85a0e532-9714-4f0d-a13b-0c20729b36c8,I Love This Cotton Yarn,I Love this Cotton,54 Bright Green,37170,326 Curry,1336627,https://www.hobbylobby.com/yarn-needle-art/yarn-tools/yarn/i-love-this-cotton-yarn/p/yn20330,True,100% Cotton,4 - Medium,yellow
85a0e532-9714-4f0d-a13b-0c20729b36c8,I Love This Cotton Yarn,I Love this Cotton,70 Turquoise,37171,326 Curry,1336627,https://www.hobbylobby.com/yarn-needle-art/yarn-tools/yarn/i-love-this-cotton-yarn/p/yn20330,True,100% Cotton,4 - Medium,yellow
85a0e532-9714-4f0d-a13b-0c20729b36c8,I Love This Cotton Yarn,I Love this Cotton,90 Royalty,37172,326 Curry,1336627,https://www.hobbylobby.com/yarn-needle-art/yarn-tools/yarn/i-love-this-cotton-yarn/p/yn20330,True,100% Cotton,4 - Medium,yellow
85a0e532-9714-4f0d-a13b-0c20729b36c8,I Love This Cotton Yarn,I Love this Cotton,315 Deep Teal,80784091,326 Curry,1336627,https://www.hobbylobby.com/yarn-needle-art/yarn-tools/yarn/i-love-this-cotton-yarn/p/yn20330,True,100% Cotton,4 - Medium,yellow
85a0e532-9714-4f0d-a13b-0c20729b36c8,I Love This Cotton Yarn,I Love this Cotton,318 Aspyn,80784092,326 Curry,1336627,https://www.hobbylobby.com/yarn-needle-art/yarn-tools/yarn/i-love-this-cotton-yarn/p/yn20330,True,100% Cotton,4 - Medium,yellow
85a0e532-9714-4f0d-a13b-0c20729b36c8,I Love This Cotton Yarn,I Love this Cotton,326 Curry,80784105,326 Curry,1336627,https://www.hobbylobby.com/yarn-needle-art/yarn-tools/yarn/i-love-this-cotton-yarn/p/yn20330,True,100% Cotton,4 - Medium,yellow
85a0e532-9714-4f0d-a13b-0c20729b36c8,I Love This Cotton Yarn,I Love this Cotton,33 Warm Blush,80842450,326 Curry,1336627,https://www.hobbylobby.com/yarn-needle-art/yarn-tools/yarn/i-love-this-cotton-yarn/p/yn20330,True,100% Cotton,4 - Medium,yellow
85a0e532-9714-4f0d-a13b-0c20729b36c8,I Love This Cotton Yarn,I Love this Cotton,35 Olive,80842452,326 Curry,1336627,https://www.hobbylobby.com/yarn-needle-art/yarn-tools/yarn/i-love-this-cotton-yarn/p/yn20330,True,100% Cotton,4 - Medium,yellow
85a0e532-9714-4f0d-a13b-0c20729b36c8,I Love This Cotton Yarn,I Love this Cotton,14 Gold,81040551,326 Curry,1336627,https://www.hobbylobby.com/yarn-needle-art/yarn-tools/yarn/i-love-this-cotton-yarn/p/yn20330,True,100% Cotton,4 - Medium,yellow
85a0e532-9714-4f0d-a13b-0c20729b36c8,I Love This Cotton Yarn,I Love this Cotton,18 Bruschetta,81040553,326 Curry,1336627,https://www.hobbylobby.com/yarn-needle-art/yarn-tools/yarn/i-love-this-cotton-yarn/p/yn20330,True,100% Cotton,4 - Medium,yellow
85a0e532-9714-4f0d-a13b-0c20729b36c8,I Love This Cotton Yarn,I Love this Cotton,22 Serene Spa,81040554,326 Curry,1336627,https://www.hobbylobby.com/yarn-needle-art/yarn-tools/yarn/i-love-this-cotton-yarn/p/yn20330,True,100% Cotton,4 - Medium,yellow
85a0e532-9714-4f0d-a13b-0c20729b36c8,I Love This Cotton Yarn,I Love this Cotton,62 Parchment,81077012,326 Curry,1336627,https://www.hobbylobby.com/yarn-needle-art/yarn-tools/yarn/i-love-this-cotton-yarn/p/yn20330,True,100% Cotton,4 - Medium,yellow
85a0e532-9714-4f0d-a13b-0c20729b36c8,I Love This Cotton Yarn,I Love this Cotton,63 Khaki,81077013,326 Curry,1336627,https://www.hobbylobby.com/yarn-needle-art/yarn-tools/yarn/i-love-this-cotton-yarn/p/yn20330,True,100% Cotton,4 - Medium,yellow
85a0e532-9714-4f0d-a13b-0c20729b36c8,I Love This Cotton Yarn,I Love this Cotton,66 French Lilac,81077014,326 Curry,1336627,https://www.hobbylobby.com/yarn-needle-art/yarn-tools/yarn/i-love-this-cotton-yarn/p/yn20330,True,100% Cotton,4 - Medium,yellow
85a0e532-9714-4f0d-a13b-0c20729b36c8,I Love This Cotton Yarn,I Love this Cotton,95 Antique Cream,96064,326 Curry,1336627,https://www.hobbylobby.com/yarn-needle-art/yarn-tools/yarn/i-love-this-cotton-yarn/p/yn20330,True,100% Cotton,4 - Medium,yellow
85a0e532-9714-4f0d-a13b-0c20729b36c8,I Love This Cotton Yarn,I Love this Cotton,402 Monkey Red,96066,326 Curry,1336627,https://www.hobbylobby.com/yarn-needle-art/yarn-tools/yarn/i-love-this-cotton-yarn/p/yn20330,True,100% Cotton,4 - Medium,yellow
85a0e532-9714-4f0d-a13b-0c20729b36c8,I Love This Cotton Yarn,I Love this Cotton,True Red,81234959,326 Curry,1336627,https://www.hobbylobby.com/yarn-needle-art/yarn-tools/yarn/i-love-this-cotton-yarn/p/yn20330,True,100% Cotton,4 - Medium,yellow
85a0e532-9714-4f0d-a13b-0c20729b36c8,I Love This Cotton Yarn,I Love this Cotton,Pink,81235006,326 Curry,1336627,https://www.hobbylobby.com/yarn-needle-art/yarn-tools/yarn/i-love-this-cotton-yarn/p/yn20330,True,100% Cotton,4 - Medium,yellow
85a0e532-9714-4f0d-a13b-0c20729b36c8,I Love This Cotton Yarn,I Love this Cotton,Navy,81235008,326 Curry,1336627,https://www.hobbylobby.com/yarn-needle-art/yarn-tools/yarn/i-love-this-cotton-yarn/p/yn20330,True,100% Cotton,4 - Medium,yellow
85a0e532-9714-4f0d-a13b-0c20729b36c8,I Love This Cotton Yarn,I Love this Cotton,Orange,81234956,326 Curry,1336627,https://www.hobbylobby.com/yarn-needle-art/yarn-tools/yarn/i-love-this-cotton-yarn/p/yn20330,True,100% Cotton,4 - Medium,yellow
85a0e532-9714-4f0d-a13b-0c20729b36c8,I Love This Cotton Yarn,I Love this Cotton,Hot Rose,81235004,326 Curry,1336627,https://www.hobbylobby.com/yarn-needle-art/yarn-tools/yarn/i-love-this-cotton-yarn/p/yn20330,True,100% Cotton,4 - Medium,yellow
85a0e532-9714-4f0d-a13b-0c20729b36c8,I Love This Cotton Yarn,I Love this Cotton,Royal,81235001,326 Curry,1336627,https://www.hobbylobby.com/yarn-needle-art/yarn-tools/yarn/i-love-this-cotton-yarn/p/yn20330,True,100% Cotton,4 - Medium,yellow
85a0e532-9714-4f0d-a13b-0c20729b36c8,I Love This Cotton Yarn,I Love this Cotton,Soft Blue,81234998,326 Curry,1336627,https://www.hobbylobby.com/yarn-needle-art/yarn-tools/yarn/i-love-this-cotton-yarn/p/yn20330,True,100% Cotton,4 - Medium,yellow
85a0e532-9714-4f0d-a13b-0c20729b36c8,I Love This Cotton Yarn,I Love this Cotton,Orchid,81235005,326 Curry,1336627,https://www.hobbylobby.com/yarn-needle-art/yarn-tools/yarn/i-love-this-cotton-yarn/p/yn20330,True,100% Cotton,4 - Medium,yellow
cab7cee6-b138-4c9d-a82b-5ab85dc662f3,Yarn Bee Soft Secret Yarn,Yarn Bee,26 Cocoa,35857,Cinnamon Cedar,2553899,https://www.hobbylobby.com/yarn-needle-art/yarn-tools/yarn/yarn-bee-soft-secret-yarn/p/yn20171,True,100% Acrylic,4 - Medium,multi
cab7cee6-b138-4c9d-a82b-5ab85dc662f3,Yarn Bee Soft Secret Yarn,Yarn Bee,12 White,35858,Cinnamon Cedar,2553899,https://www.hobbylobby.com/yarn-needle-art/yarn-tools/yarn/yarn-bee-soft-secret-yarn/p/yn20171,True,100% Acrylic,4 - Medium,multi
cab7cee6-b138-4c9d-a82b-5ab85dc662f3,Yarn Bee Soft Secret Yarn,Yarn Bee,14 Ivory,35859,Cinnamon Cedar,2553899,https://www.hobbylobby.com/yarn-needle-art/yarn-tools/yarn/yarn-bee-soft-secret-yarn/p/yn20171,True,100% Acrylic,4 - Medium,multi
cab7cee6-b138-4c9d-a82b-5ab85dc662f3,Yarn Bee Soft Secret Yarn,Yarn Bee,24 Cognac,35860,Cinnamon Cedar,2553899,https://www.hobbylobby.com/yarn-needle-art/yarn-tools/yarn/yarn-bee-soft-secret-yarn/p/yn20171,True,100% Acrylic,4 - Medium,multi
cab7cee6-b138-4c9d-a82b-5ab85dc662f3,Yarn Bee Soft Secret Yarn,Yarn Bee,70 Soft Pink,35861,Cinnamon Cedar,2553899,https://www.hobbylobby.com/yarn-needle-art/yarn-tools/yarn/yarn-bee-soft-secret-yarn/p/yn20171,True,100% Acrylic,4 - Medium,multi
cab7cee6-b138-4c9d-a82b-5ab85dc662f3,Yarn Bee Soft Secret Yarn,Yarn Bee,90 Sky Blue,35863,Cinnamon Cedar,2553899,https://www.hobbylobby.com/yarn-needle-art/yarn-tools/yarn/yarn-bee-soft-secret-yarn/p/yn20171,True,100% Acrylic,4 - Medium,multi
cab7cee6-b138-4c9d-a82b-5ab85dc662f3,Yarn Bee Soft Secret Yarn,Yarn Bee,92 Light Denim,35864,Cinnamon Cedar,2553899,https://www.hobbylobby.com/yarn-needle-art/yarn-tools/yarn/yarn-bee-soft-secret-yarn/p/yn20171,True,100% Acrylic,4 - Medium,multi
cab7cee6-b138-4c9d-a82b-5ab85dc662f3,Yarn Bee Soft Secret Yarn,Yarn Bee,94 Denim,35865,Cinnamon Cedar,2553899,https://www.hobbylobby.com/yarn-needle-art/yarn-tools/yarn/yarn-bee-soft-secret-yarn/p/yn20171,True,100% Acrylic,4 - Medium,multi
cab7cee6-b138-4c9d-a82b-5ab85dc662f3,Yarn Bee Soft Secret Yarn,Yarn Bee,96 Navy,35866,Cinnamon Cedar,2553899,https://www.hobbylobby.com/yarn-needle-art/yarn-tools/yarn/yarn-bee-soft-secret-yarn/p/yn20171,True,100% Acrylic,4 - Medium,multi
cab7cee6-b138-4c9d-a82b-5ab85dc662f3,Yarn Bee Soft Secret Yarn,Yarn Bee,30 Black,35868,Cinnamon Cedar,2553899,https://www.hobbylobby.com/yarn-needle-art/yarn-tools/yarn/yarn-bee-soft-secret-yarn/p/yn20171,True,100% Acrylic,4 - Medium,multi
cab7cee6-b138-4c9d-a82b-5ab85dc662f3,Yarn Bee Soft Secret Yarn,Yarn Bee,40 Red,35869,Cinnamon Cedar,2553899,https://www.hobbylobby.com/yarn-needle-art/yarn-tools/yarn/yarn-bee-soft-secret-yarn/p/yn20171,True,100% Acrylic,4 - Medium,multi
cab7cee6-b138-4c9d-a82b-5ab85dc662f3,Yarn Bee Soft Secret Yarn,Yarn Bee,62 Seafoam,35870,Cinnamon Cedar,2553899,https://www.hobbylobby.com/yarn-needle-art/yarn-tools/yarn/yarn-bee-soft-secret-yarn/p/yn20171,True,100% Acrylic,4 - Medium,multi
cab7cee6-b138-4c9d-a82b-5ab85dc662f3,Yarn Bee Soft Secret Yarn,Yarn Bee,80 Lilac,35871,Cinnamon Cedar,2553899,https://www.hobbylobby.com/yarn-needle-art/yarn-tools/yarn/yarn-bee-soft-secret-yarn/p/yn20171,True,100% Acrylic,4 - Medium,multi
cab7cee6-b138-4c9d-a82b-5ab85dc662f3,Yarn Bee Soft Secret Yarn,Yarn Bee,42 Garnet,35872,Cinnamon Cedar,2553899,https://www.hobbylobby.com/yarn-needle-art/yarn-tools/yarn/yarn-bee-soft-secret-yarn/p/yn20171,True,100% Acrylic,4 - Medium,multi
cab7cee6-b138-4c9d-a82b-5ab85dc662f3,Yarn Bee Soft Secret Yarn,Yarn Bee,76 Hot Pink,35874,Cinnamon Cedar,2553899,https://www.hobbylobby.com/yarn-needle-art/yarn-tools/yarn/yarn-bee-soft-secret-yarn/p/yn20171,True,100% Acrylic,4 - Medium,multi
cab7cee6-b138-4c9d-a82b-5ab85dc662f3,Yarn Bee Soft Secret Yarn,Yarn Bee,110 Hot Orange,35875,Cinnamon Cedar,2553899,https://www.hobbylobby.com/yarn-needle-art/yarn-tools/yarn/yarn-bee-soft-secret-yarn/p/yn20171,True,100% Acrylic,4 - Medium,multi
cab7cee6-b138-4c9d-a82b-5ab85dc662f3,Yarn Bee Soft Secret Yarn,Yarn Bee,60 Lime,35876,Cinnamon Cedar,2553899,https://www.hobbylobby.com/yarn-needle-art/yarn-tools/yarn/yarn-bee-soft-secret-yarn/p/yn20171,True,100% Acrylic,4 - Medium,multi
cab7cee6-b138-4c9d-a82b-5ab85dc662f3,Yarn Bee Soft Secret Yarn,Yarn Bee,98 Bright Blue,35877,Cinnamon Cedar,2553899,https://www.hobbylobby.com/yarn-needle-art/yarn-tools/yarn/yarn-bee-soft-secret-yarn/p/yn20171,True,100% Acrylic,4 - Medium,multi
cab7cee6-b138-4c9d-a82b-5ab85dc662f3,Yarn Bee Soft Secret Yarn,Yarn Bee,82 Violet,35878,Cinnamon Cedar,2553899,https://www.hobbylobby.com/yarn-needle-art/yarn-tools/yarn/yarn-bee-soft-secret-yarn/p/yn20171,True,100% Acrylic,4 - Medium,multi
cab7cee6-b138-4c9d-a82b-5ab85dc662f3,Yarn Bee Soft Secret Yarn,Yarn Bee,34 Smoke,35998,Cinnamon Cedar,2553899,https://www.hobbylobby.com/yarn-needle-art/yarn-tools/yarn/yarn-bee-soft-secret-yarn/p/yn20171,True,100% Acrylic,4 - Medium,multi
cab7cee6-b138-4c9d-a82b-5ab85dc662f3,Yarn Bee Soft Secret Yarn,Yarn Bee,38 Mist,35999,Cinnamon Cedar,2553899,https://www.hobbylobby.com/yarn-needle-art/yarn-tools/yarn/yarn-bee-soft-secret-yarn/p/yn20171,True,100% Acrylic,4 - Medium,multi
cab7cee6-b138-4c9d-a82b-5ab85dc662f3,Yarn Bee Soft Secret Yarn,Yarn Bee,58 Olive,37064,Cinnamon Cedar,2553899,https://www.hobbylobby.com/yarn-needle-art/yarn-tools/yarn/yarn-bee-soft-secret-yarn/p/yn20171,True,100% Acrylic,4 - Medium,multi
cab7cee6-b138-4c9d-a82b-5ab85dc662f3,Yarn Bee Soft Secret Yarn,Yarn Bee,32 Shale,37065,Cinnamon Cedar,2553899,https://www.hobbylobby.com/yarn-needle-art/yarn-tools/yarn/yarn-bee-soft-secret-yarn/p/yn20171,True,100% Acrylic,4 - Medium,multi
cab7cee6-b138-4c9d-a82b-5ab85dc662f3,Yarn Bee Soft Secret Yarn,Yarn Bee,22 Honey,37066,Cinnamon Cedar,2553899,https://www.hobbylobby.com/yarn-needle-art/yarn-tools/yarn/yarn-bee-soft-secret-yarn/p/yn20171,True,100% Acrylic,4 - Medium,multi
cab7cee6-b138-4c9d-a82b-5ab85dc662f3,Yarn Bee Soft Secret Yarn,Yarn Bee,16 Biscuit,37069,Cinnamon Cedar,2553899,https://www.hobbylobby.com/yarn-needle-art/yarn-tools/yarn/yarn-bee-soft-secret-yarn/p/yn20171,True,100% Acrylic,4 - Medium,multi
cab7cee6-b138-4c9d-a82b-5ab85dc662f3,Yarn Bee Soft Secret Yarn,Yarn Bee,56 Forest,37070,Cinnamon Cedar,2553899,https://www.hobbylobby.com/yarn-needle-art/yarn-tools/yarn/yarn-bee-soft-secret-yarn/p/yn20171,True,100% Acrylic,4 - Medium,multi
cab7cee6-b138-4c9d-a82b-5ab85dc662f3,Yarn Bee Soft Secret Yarn,Yarn Bee,72 Pink,37071,Cinnamon Cedar,2553899,https://www.hobbylobby.com/yarn-needle-art/yarn-tools/yarn/yarn-bee-soft-secret-yarn/p/yn20171,True,100% Acrylic,4 - Medium,multi
cab7cee6-b138-4c9d-a82b-5ab85dc662f3,Yarn Bee Soft Secret Yarn,Yarn Bee,114 Mushroom,4635,Cinnamon Cedar,2553899,https://www.hobbylobby.com/yarn-needle-art/yarn-tools/yarn/yarn-bee-soft-secret-yarn/p/yn20171,True,100% Acrylic,4 - Medium,multi
cab7cee6-b138-4c9d-a82b-5ab85dc662f3,Yarn Bee Soft Secret Yarn,Yarn Bee,124 French Lilac,80787897,Cinnamon Cedar,2553899,https://www.hobbylobby.com/yarn-needle-art/yarn-tools/yarn/yarn-bee-soft-secret-yarn/p/yn20171,True,100% Acrylic,4 - Medium,multi
cab7cee6-b138-4c9d-a82b-5ab85dc662f3,Yarn Bee Soft Secret Yarn,Yarn Bee,126 Blue Teal,80787905,Cinnamon Cedar,2553899,https://www.hobbylobby.com/yarn-needle-art/yarn-tools/yarn/yarn-bee-soft-secret-yarn/p/yn20171,True,100% Acrylic,4 - Medium,multi
cab7cee6-b138-4c9d-a82b-5ab85dc662f3,Yarn Bee Soft Secret Yarn,Yarn Bee,128 Pale Aqua,80787911,Cinnamon Cedar,2553899,https://www.hobbylobby.com/yarn-needle-art/yarn-tools/yarn/yarn-bee-soft-secret-yarn/p/yn20171,True,100% Acrylic,4 - Medium,multi
cab7cee6-b138-4c9d-a82b-5ab85dc662f3,Yarn Bee Soft Secret Yarn,Yarn Bee,132 Avocado Green,80787946,Cinnamon Cedar,2553899,https://www.hobbylobby.com/yarn-needle-art/yarn-tools/yarn/yarn-bee-soft-secret-yarn/p/yn20171,True,100% Acrylic,4 - Medium,multi
cab7cee6-b138-4c9d-a82b-5ab85dc662f3,Yarn Bee Soft Secret Yarn,Yarn Bee,134 Mauve,80953522,Cinnamon Cedar,2553899,https://www.hobbylobby.com/yarn-needle-art/yarn-tools/yarn/yarn-bee-soft-secret-yarn/p/yn20171,True,100% Acrylic,4 - Medium,multi
cab7cee6-b138-4c9d-a82b-5ab85dc662f3,Yarn Bee Soft Secret Yarn,Yarn Bee,136 Chili Red,80953524,Cinnamon Cedar,2553899,https://www.hobbylobby.com/yarn-needle-art/yarn-tools/yarn/yarn-bee-soft-secret-yarn/p/yn20171,True,100% Acrylic,4 - Medium,multi
cab7cee6-b138-4c9d-a82b-5ab85dc662f3,Yarn Bee Soft Secret Yarn,Yarn Bee,140 Pumpkin Spice,80953527,Cinnamon Cedar,2553899,https://www.hobbylobby.com/yarn-needle-art/yarn-tools/yarn/yarn-bee-soft-secret-yarn/p/yn20171,True,100% Acrylic,4 - Medium,multi
cab7cee6-b138-4c9d-a82b-5ab85dc662f3,Yarn Bee Soft Secret Yarn,Yarn Bee,142 Dusty Teal,81041556,Cinnamon Cedar,2553899,https://www.hobbylobby.com/yarn-needle-art/yarn-tools/yarn/yarn-bee-soft-secret-yarn/p/yn20171,True,100% Acrylic,4 - Medium,multi
cab7cee6-b138-4c9d-a82b-5ab85dc662f3,Yarn Bee Soft Secret Yarn,Yarn Bee,144 Buffed Blush,81076322,Cinnamon Cedar,2553899,https://www.hobbylobby.com/yarn-needle-art/yarn-tools/yarn/yarn-bee-soft-secret-yarn/p/yn20171,True,100% Acrylic,4 - Medium,multi
cab7cee6-b138-4c9d-a82b-5ab85dc662f3,Yarn Bee Soft Secret Yarn,Yarn Bee,148 Sage,81076326,Cinnamon Cedar,2553899,https://www.hobbylobby.com/yarn-needle-art/yarn-tools/yarn/yarn-bee-soft-secret-yarn/p/yn20171,True,100% Acrylic,4 - Medium,multi
cab7cee6-b138-4c9d-a82b-5ab85dc662f3,Yarn Bee Soft Secret Yarn,Yarn Bee,156 Raspberry,81148053,Cinnamon Cedar,2553899,https://www.hobbylobby.com/yarn-needle-art/yarn-tools/yarn/yarn-bee-soft-secret-yarn/p/yn20171,True,100% Acrylic,4 - Medium,multi
cab7cee6-b138-4c9d-a82b-5ab85dc662f3,Yarn Bee Soft Secret Yarn,Yarn Bee,150 Taupe,81148054,Cinnamon Cedar,2553899,https://www.hobbylobby.com/yarn-needle-art/yarn-tools/yarn/yarn-bee-soft-secret-yarn/p/yn20171,True,100% Acrylic,4 - Medium,multi
cab7cee6-b138-4c9d-a82b-5ab85dc662f3,Yarn Bee Soft Secret Yarn,Yarn Bee,154 Rustic Rouge,81148056,Cinnamon Cedar,2553899,https://www.hobbylobby.com/yarn-needle-art/yarn-tools/yarn/yarn-bee-soft-secret-yarn/p/yn20171,True,100% Acrylic,4 - Medium,multi
cab7cee6-b138-4c9d-a82b-5ab85dc662f3,Yarn Bee Soft Secret Yarn,Yarn Bee,20 Butter,96462,Cinnamon Cedar,2553899,https://www.hobbylobby.com/yarn-needle-art/yarn-tools/yarn/yarn-bee-soft-secret-yarn/p/yn20171,True,100% Acrylic,4 - Medium,multi
cab7cee6-b138-4c9d-a82b-5ab85dc662f3,Yarn Bee Soft Secret Yarn,Yarn Bee,50 Aqua,96464,Cinnamon Cedar,2553899,https://www.hobbylobby.com/yarn-needle-art/yarn-tools/yarn/yarn-bee-soft-secret-yarn/p/yn20171,True,100% Acrylic,4 - Medium,multi
cab7cee6-b138-4c9d-a82b-5ab85dc662f3,Yarn Bee Soft Secret Yarn,Yarn Bee,52 Hot Turquoise,96465,Cinnamon Cedar,2553899,https://www.hobbylobby.com/yarn-needle-art/yarn-tools/yarn/yarn-bee-soft-secret-yarn/p/yn20171,True,100% Acrylic,4 - Medium,multi
cab7cee6-b138-4c9d-a82b-5ab85dc662f3,Yarn Bee Soft Secret Yarn,Yarn Bee,86 Hot Grape,96467,Cinnamon Cedar,2553899,https://www.hobbylobby.com/yarn-needle-art/yarn-tools/yarn/yarn-bee-soft-secret-yarn/p/yn20171,True,100% Acrylic,4 - Medium,multi
cab7cee6-b138-4c9d-a82b-5ab85dc662f3,Yarn Bee Soft Secret Yarn,Yarn Bee,Ivory Tweed,81235076,Cinnamon Cedar,2553899,https://www.hobbylobby.com/yarn-needle-art/yarn-tools/yarn/yarn-bee-soft-secret-yarn/p/yn20171,True,100% Acrylic,4 - Medium,multi
cab7cee6-b138-4c9d-a82b-5ab85dc662f3,Yarn Bee Soft Secret Yarn,Yarn Bee,Cinnamon Cedar,81235014,Cinnamon Cedar,2553899,https://www.hobbylobby.com/yarn-needle-art/yarn-tools/yarn/yarn-bee-soft-secret-yarn/p/yn20171,True,100% Acrylic,4 - Medium,multi
e35f7a5d-d369-4e7d-bd98-30d9cbd883f6,Crafter's Secret Big Idea Yarn,Crafter's Secret,120 Christmas Print,80990648,51 Pearl Fleck,1963743,https://www.hobbylobby.com/yarn-needle-art/yarn-tools/yarn/crafter-s-secret-big-idea-yarn/p/csby23,True,100% Acrylic,4 - Medium,white
e35f7a5d-d369-4e7d-bd98-30d9cbd883f6,Crafter's Secret Big Idea Yarn,Crafter's Secret,51 Pearl Fleck,80990631,51 Pearl Fleck,1963743,https://www.hobbylobby.com/yarn-needle-art/yarn-tools/yarn/crafter-s-secret-big-idea-yarn/p/csby23,True,100% Acrylic,4 - Medium,white
858b99bc-a8a0-405b-b85a-4efc3174aa70,Yarn Bee Beginner Yarn,Yarn Bee,Red,81234938,Black,2553584,https://www.hobbylobby.com/yarn-needle-art/yarn-tools/yarn/yarn-bee-beginner-yarn/p/p81234938,True,,5 - Bulky,black
858b99bc-a8a0-405b-b85a-4efc3174aa70,Yarn Bee Beginner Yarn,Yarn Bee,Pink,81234951,Black,2553584,https://www.hobbylobby.com/yarn-needle-art/yarn-tools/yarn/yarn-bee-beginner-yarn/p/p81234938,True,,5 - Bulky,black
858b99bc-a8a0-405b-b85a-4efc3174aa70,Yarn Bee Beginner Yarn,Yarn Bee,Yellow,81234945,Black,2553584,https://www.hobbylobby.com/yarn-needle-art/yarn-tools/yarn/yarn-bee-beginner-yarn/p/p81234938,True,,5 - Bulky,black
858b99bc-a8a0-405b-b85a-4efc3174aa70,Yarn Bee Beginner Yarn,Yarn Bee,Blue,81234949,Black,2553584,https://www.hobbylobby.com/yarn-needle-art/yarn-tools/yarn/yarn-bee-beginner-yarn/p/p81234938,True,,5 - Bulky,black
858b99bc-a8a0-405b-b85a-4efc3174aa70,Yarn Bee Beginner Yarn,Yarn Bee,Black,81234955,Black,2553584,https://www.hobbylobby.com/yarn-needle-art/yarn-tools/yarn/yarn-bee-beginner-yarn/p/p81234938,True,,5 - Bulky,black
858b99bc-a8a0-405b-b85a-4efc3174aa70,Yarn Bee Beginner Yarn,Yarn Bee,White,81234954,Black,2553584,https://www.hobbylobby.com/yarn-needle-art/yarn-tools/yarn/yarn-bee-beginner-yarn/p/p81234938,True,,5 - Bulky,black
858b99bc-a8a0-405b-b85a-4efc3174aa70,Yarn Bee Beginner Yarn,Yarn Bee,Green,81234948,Black,2553584,https://www.hobbylobby.com/yarn-needle-art/yarn-tools/yarn/yarn-bee-beginner-yarn/p/p81234938,True,,5 - Bulky,black
858b99bc-a8a0-405b-b85a-4efc3174aa70,Yarn Bee Beginner Yarn,Yarn Bee,Purple,81234953,Black,2553584,https://www.hobbylobby.com/yarn-needle-art/yarn-tools/yarn/yarn-bee-beginner-yarn/p/p81234938,True,,5 - Bulky,black
858b99bc-a8a0-405b-b85a-4efc3174aa70,Yarn Bee Beginner Yarn,Yarn Bee,Orange,81235081,Black,2553584,https://www.hobbylobby.com/yarn-needle-art/yarn-tools/yarn/yarn-bee-beginner-yarn/p/p81234938,True,,5 - Bulky,black
d55a269f-c18c-4fc1-9be8-35f24a676d03,Stonewash Print I Love This Yarn,I Love this Yarn,05 Berry,80784810,01 Denim,390427,https://www.hobbylobby.com/yarn-needle-art/yarn-tools/yarn/stonewash-print-i-love-this-yarn/p/sw78578,True,100% Acrylic,4 - Medium,blue
d55a269f-c18c-4fc1-9be8-35f24a676d03,Stonewash Print I Love This Yarn,I Love this Yarn,06 Teal,80784811,01 Denim,390427,https://www.hobbylobby.com/yarn-needle-art/yarn-tools/yarn/stonewash-print-i-love-this-yarn/p/sw78578,True,100% Acrylic,4 - Medium,blue
d55a269f-c18c-4fc1-9be8-35f24a676d03,Stonewash Print I Love This Yarn,I Love this Yarn,08 Dark Gray,80784822,01 Denim,390427,https://www.hobbylobby.com/yarn-needle-art/yarn-tools/yarn/stonewash-print-i-love-this-yarn/p/sw78578,True,100% Acrylic,4 - Medium,blue
d55a269f-c18c-4fc1-9be8-35f24a676d03,Stonewash Print I Love This Yarn,I Love this Yarn,01 Denim,96080,01 Denim,390427,https://www.hobbylobby.com/yarn-needle-art/yarn-tools/yarn/stonewash-print-i-love-this-yarn/p/sw78578,True,100% Acrylic,4 - Medium,blue
d55a269f-c18c-4fc1-9be8-35f24a676d03,Stonewash Print I Love This Yarn,I Love this Yarn,02 Deep Violet,96081,01 Denim,390427,https://www.hobbylobby.com/yarn-needle-art/yarn-tools/yarn/stonewash-print-i-love-this-yarn/p/sw78578,True,100% Acrylic,4 - Medium,blue
f36f2a4f-2785-4a53-93f9-e5ca64898f84,Yarn Bee Mini Maker Yarn,Yarn Bee,100 White,80848080,145 Teal,1667724,https://www.hobbylobby.com/yarn-needle-art/yarn-tools/yarn/yarn-bee-mini-maker-yarn/p/mmyn440,True,100% Acrylic,4 - Medium,bluegreen
f36f2a4f-2785-4a53-93f9-e5ca64898f84,Yarn Bee Mini Maker Yarn,Yarn Bee,101 Ivory,80848081,145 Teal,1667724,https://www.hobbylobby.com/yarn-needle-art/yarn-tools/yarn/yarn-bee-mini-maker-yarn/p/mmyn440,True,100% Acrylic,4 - Medium,bluegreen
f36f2a4f-2785-4a53-93f9-e5ca64898f84,Yarn Bee Mini Maker Yarn,Yarn Bee,105 Black,80848082,145 Teal,1667724,https://www.hobbylobby.com/yarn-needle-art/yarn-tools/yarn/yarn-bee-mini-maker-yarn/p/mmyn440,True,100% Acrylic,4 - Medium,bluegreen
f36f2a4f-2785-4a53-93f9-e5ca64898f84,Yarn Bee Mini Maker Yarn,Yarn Bee,110 Grey,80848083,145 Teal,1667724,https://www.hobbylobby.com/yarn-needle-art/yarn-tools/yarn/yarn-bee-mini-maker-yarn/p/mmyn440,True,100% Acrylic,4 - Medium,bluegreen
f36f2a4f-2785-4a53-93f9-e5ca64898f84,Yarn Bee Mini Maker Yarn,Yarn Bee,139 Red,80848084,145 Teal,1667724,https://www.hobbylobby.com/yarn-needle-art/yarn-tools/yarn/yarn-bee-mini-maker-yarn/p/mmyn440,True,100% Acrylic,4 - Medium,bluegreen
f36f2a4f-2785-4a53-93f9-e5ca64898f84,Yarn Bee Mini Maker Yarn,Yarn Bee,132 Pink,80848085,145 Teal,1667724,https://www.hobbylobby.com/yarn-needle-art/yarn-tools/yarn/yarn-bee-mini-maker-yarn/p/mmyn440,True,100% Acrylic,4 - Medium,bluegreen
f36f2a4f-2785-4a53-93f9-e5ca64898f84,Yarn Bee Mini Maker Yarn,Yarn Bee,147 Aqua,80848086,145 Teal,1667724,https://www.hobbylobby.com/yarn-needle-art/yarn-tools/yarn/yarn-bee-mini-maker-yarn/p/mmyn440,True,100% Acrylic,4 - Medium,bluegreen
f36f2a4f-2785-4a53-93f9-e5ca64898f84,Yarn Bee Mini Maker Yarn,Yarn Bee,143 Light Blue,80848087,145 Teal,1667724,https://www.hobbylobby.com/yarn-needle-art/yarn-tools/yarn/yarn-bee-mini-maker-yarn/p/mmyn440,True,100% Acrylic,4 - Medium,bluegreen
f36f2a4f-2785-4a53-93f9-e5ca64898f84,Yarn Bee Mini Maker Yarn,Yarn Bee,142 Royal Blue,80848088,145 Teal,1667724,https://www.hobbylobby.com/yarn-needle-art/yarn-tools/yarn/yarn-bee-mini-maker-yarn/p/mmyn440,True,100% Acrylic,4 - Medium,bluegreen
f36f2a4f-2785-4a53-93f9-e5ca64898f84,Yarn Bee Mini Maker Yarn,Yarn Bee,120 Brown,80848089,145 Teal,1667724,https://www.hobbylobby.com/yarn-needle-art/yarn-tools/yarn/yarn-bee-mini-maker-yarn/p/mmyn440,True,100% Acrylic,4 - Medium,bluegreen
f36f2a4f-2785-4a53-93f9-e5ca64898f84,Yarn Bee Mini Maker Yarn,Yarn Bee,150 Green,80848090,145 Teal,1667724,https://www.hobbylobby.com/yarn-needle-art/yarn-tools/yarn/yarn-bee-mini-maker-yarn/p/mmyn440,True,100% Acrylic,4 - Medium,bluegreen
f36f2a4f-2785-4a53-93f9-e5ca64898f84,Yarn Bee Mini Maker Yarn,Yarn Bee,137 Orange,80848091,145 Teal,1667724,https://www.hobbylobby.com/yarn-needle-art/yarn-tools/yarn/yarn-bee-mini-maker-yarn/p/mmyn440,True,100% Acrylic,4 - Medium,bluegreen
f36f2a4f-2785-4a53-93f9-e5ca64898f84,Yarn Bee Mini Maker Yarn,Yarn Bee,134 Purple,80848092,145 Teal,1667724,https://www.hobbylobby.com/yarn-needle-art/yarn-tools/yarn/yarn-bee-mini-maker-yarn/p/mmyn440,True,100% Acrylic,4 - Medium,bluegreen
f36f2a4f-2785-4a53-93f9-e5ca64898f84,Yarn Bee Mini Maker Yarn,Yarn Bee,135 Yellow,80848093,145 Teal,1667724,https://www.hobbylobby.com/yarn-needle-art/yarn-tools/yarn/yarn-bee-mini-maker-yarn/p/mmyn440,True,100% Acrylic,4 - Medium,bluegreen
f36f2a4f-2785-4a53-93f9-e5ca64898f84,Yarn Bee Mini Maker Yarn,Yarn Bee,130 Hot Pink,80848094,145 Teal,1667724,https://www.hobbylobby.com/yarn-needle-art/yarn-tools/yarn/yarn-bee-mini-maker-yarn/p/mmyn440,True,100% Acrylic,4 - Medium,bluegreen
f36f2a4f-2785-4a53-93f9-e5ca64898f84,Yarn Bee Mini Maker Yarn,Yarn Bee,144 Navy,80890162,145 Teal,1667724,https://www.hobbylobby.com/yarn-needle-art/yarn-tools/yarn/yarn-bee-mini-maker-yarn/p/mmyn440,True,100% Acrylic,4 - Medium,bluegreen
f36f2a4f-2785-4a53-93f9-e5ca64898f84,Yarn Bee Mini Maker Yarn,Yarn Bee,118 Gold,80890165,145 Teal,1667724,https://www.hobbylobby.com/yarn-needle-art/yarn-tools/yarn/yarn-bee-mini-maker-yarn/p/mmyn440,True,100% Acrylic,4 - Medium,bluegreen
f36f2a4f-2785-4a53-93f9-e5ca64898f84,Yarn Bee Mini Maker Yarn,Yarn Bee,140 Burgundy,80890167,145 Teal,1667724,https://www.hobbylobby.com/yarn-needle-art/yarn-tools/yarn/yarn-bee-mini-maker-yarn/p/mmyn440,True,100% Acrylic,4 - Medium,bluegreen
f36f2a4f-2785-4a53-93f9-e5ca64898f84,Yarn Bee Mini Maker Yarn,Yarn Bee,115 Charcoal,80890168,145 Teal,1667724,https://www.hobbylobby.com/yarn-needle-art/yarn-tools/yarn/yarn-bee-mini-maker-yarn/p/mmyn440,True,100% Acrylic,4 - Medium,bluegreen
f36f2a4f-2785-4a53-93f9-e5ca64898f84,Yarn Bee Mini Maker Yarn,Yarn Bee,145 Teal,80890169,145 Teal,1667724,https://www.hobbylobby.com/yarn-needle-art/yarn-tools/yarn/yarn-bee-mini-maker-yarn/p/mmyn440,True,100% Acrylic,4 - Medium,bluegreen
a5bf0255-0c7d-45b9-b3d1-e66faa4fb4b4,Yarn Bee Soft & Sleek Print Yarn,Yarn Bee,934 Pink Stripe,80880201,972 Costa Mesa,2196277,https://www.hobbylobby.com/yarn-needle-art/yarn-tools/yarn/yarn-bee-soft-sleek-print-yarn/p/ss76681,True,100% Low Pill Acrylic,4 - Medium,blue
a5bf0255-0c7d-45b9-b3d1-e66faa4fb4b4,Yarn Bee Soft & Sleek Print Yarn,Yarn Bee,942 Violet Stripe,80880205,972 Costa Mesa,2196277,https://www.hobbylobby.com/yarn-needle-art/yarn-tools/yarn/yarn-bee-soft-sleek-print-yarn/p/ss76681,True,100% Low Pill Acrylic,4 - Medium,blue
a5bf0255-0c7d-45b9-b3d1-e66faa4fb4b4,Yarn Bee Soft & Sleek Print Yarn,Yarn Bee,952 Windswept Wishes,80953165,972 Costa Mesa,2196277,https://www.hobbylobby.com/yarn-needle-art/yarn-tools/yarn/yarn-bee-soft-sleek-print-yarn/p/ss76681,True,100% Low Pill Acrylic,4 - Medium,blue
a5bf0255-0c7d-45b9-b3d1-e66faa4fb4b4,Yarn Bee Soft & Sleek Print Yarn,Yarn Bee,964 Melissani,81076341,972 Costa Mesa,2196277,https://www.hobbylobby.com/yarn-needle-art/yarn-tools/yarn/yarn-bee-soft-sleek-print-yarn/p/ss76681,True,100% Low Pill Acrylic,4 - Medium,blue
a5bf0255-0c7d-45b9-b3d1-e66faa4fb4b4,Yarn Bee Soft & Sleek Print Yarn,Yarn Bee,966 Parisian Light,81076342,972 Costa Mesa,2196277,https://www.hobbylobby.com/yarn-needle-art/yarn-tools/yarn/yarn-bee-soft-sleek-print-yarn/p/ss76681,True,100% Low Pill Acrylic,4 - Medium,blue
a5bf0255-0c7d-45b9-b3d1-e66faa4fb4b4,Yarn Bee Soft & Sleek Print Yarn,Yarn Bee,968 Taken for Granite,81076343,972 Costa Mesa,2196277,https://www.hobbylobby.com/yarn-needle-art/yarn-tools/yarn/yarn-bee-soft-sleek-print-yarn/p/ss76681,True,100% Low Pill Acrylic,4 - Medium,blue
a5bf0255-0c7d-45b9-b3d1-e66faa4fb4b4,Yarn Bee Soft & Sleek Print Yarn,Yarn Bee,970 Tropical Tiki,81076344,972 Costa Mesa,2196277,https://www.hobbylobby.com/yarn-needle-art/yarn-tools/yarn/yarn-bee-soft-sleek-print-yarn/p/ss76681,True,100% Low Pill Acrylic,4 - Medium,blue
a5bf0255-0c7d-45b9-b3d1-e66faa4fb4b4,Yarn Bee Soft & Sleek Print Yarn,Yarn Bee,972 Costa Mesa,81076345,972 Costa Mesa,2196277,https://www.hobbylobby.com/yarn-needle-art/yarn-tools/yarn/yarn-bee-soft-sleek-print-yarn/p/ss76681,True,100% Low Pill Acrylic,4 - Medium,blue
f83d6aa1-84c3-41ba-b874-4a02e3d841fd,Yarn Bee Sugarwheel Cotton Sparkle Yarn,Yarn Bee,155 Twirls at Twilight,80931550,175 Let it Go Flamingo,2286102,https://www.hobbylobby.com/yarn-needle-art/yarn-tools/yarn/yarn-bee-sugarwheel-cotton-sparkle-yarn/p/p81138676,True,97% Cotton & 3% Metallic Polyester,3 - Light,multi
f83d6aa1-84c3-41ba-b874-4a02e3d841fd,Yarn Bee Sugarwheel Cotton Sparkle Yarn,Yarn Bee,160 Pretties Please,80990674,175 Let it Go Flamingo,2286102,https://www.hobbylobby.com/yarn-needle-art/yarn-tools/yarn/yarn-bee-sugarwheel-cotton-sparkle-yarn/p/p81138676,True,97% Cotton & 3% Metallic Polyester,3 - Light,multi
f83d6aa1-84c3-41ba-b874-4a02e3d841fd,Yarn Bee Sugarwheel Cotton Sparkle Yarn,Yarn Bee,165 Just Relax,80990675,175 Let it Go Flamingo,2286102,https://www.hobbylobby.com/yarn-needle-art/yarn-tools/yarn/yarn-bee-sugarwheel-cotton-sparkle-yarn/p/p81138676,True,97% Cotton & 3% Metallic Polyester,3 - Light,multi
f83d6aa1-84c3-41ba-b874-4a02e3d841fd,Yarn Bee Sugarwheel Cotton Sparkle Yarn,Yarn Bee,175 Let it Go Flamingo,81138675,175 Let it Go Flamingo,2286102,https://www.hobbylobby.com/yarn-needle-art/yarn-tools/yarn/yarn-bee-sugarwheel-cotton-sparkle-yarn/p/p81138676,True,97% Cotton & 3% Metallic Polyester,3 - Light,multi
8d10c4e5-6261-4c89-bb6f-f8c65da6b31d,Baby Bee Snugs & Kisses Yarn,Baby Bee,01 Soft Snowflake,81079478,09 Teddy,2429710,https://www.hobbylobby.com/yarn-needle-art/yarn-tools/yarn/baby-bee-snugs-kisses-yarn/p/art704,True,100% Polyester,6 - Super Bulky,brown
8d10c4e5-6261-4c89-bb6f-f8c65da6b31d,Baby Bee Snugs & Kisses Yarn,Baby Bee,02 Vanilla Bean,81079480,09 Teddy,2429710,https://www.hobbylobby.com/yarn-needle-art/yarn-tools/yarn/baby-bee-snugs-kisses-yarn/p/art704,True,100% Polyester,6 - Super Bulky,brown
8d10c4e5-6261-4c89-bb6f-f8c65da6b31d,Baby Bee Snugs & Kisses Yarn,Baby Bee,03 Baby Jade,81079483,09 Teddy,2429710,https://www.hobbylobby.com/yarn-needle-art/yarn-tools/yarn/baby-bee-snugs-kisses-yarn/p/art704,True,100% Polyester,6 - Super Bulky,brown
8d10c4e5-6261-4c89-bb6f-f8c65da6b31d,Baby Bee Snugs & Kisses Yarn,Baby Bee,04 Blueberry,81079486,09 Teddy,2429710,https://www.hobbylobby.com/yarn-needle-art/yarn-tools/yarn/baby-bee-snugs-kisses-yarn/p/art704,True,100% Polyester,6 - Super Bulky,brown
8d10c4e5-6261-4c89-bb6f-f8c65da6b31d,Baby Bee Snugs & Kisses Yarn,Baby Bee,05 Cozy Rosy,81079489,09 Teddy,2429710,https://www.hobbylobby.com/yarn-needle-art/yarn-tools/yarn/baby-bee-snugs-kisses-yarn/p/art704,True,100% Polyester,6 - Super Bulky,brown
8d10c4e5-6261-4c89-bb6f-f8c65da6b31d,Baby Bee Snugs & Kisses Yarn,Baby Bee,06 Grape Jelly,81079490,09 Teddy,2429710,https://www.hobbylobby.com/yarn-needle-art/yarn-tools/yarn/baby-bee-snugs-kisses-yarn/p/art704,True,100% Polyester,6 - Super Bulky,brown
8d10c4e5-6261-4c89-bb6f-f8c65da6b31d,Baby Bee Snugs & Kisses Yarn,Baby Bee,07 Sunny Season,81186498,09 Teddy,2429710,https://www.hobbylobby.com/yarn-needle-art/yarn-tools/yarn/baby-bee-snugs-kisses-yarn/p/art704,True,100% Polyester,6 - Super Bulky,brown
8d10c4e5-6261-4c89-bb6f-f8c65da6b31d,Baby Bee Snugs & Kisses Yarn,Baby Bee,08 Strawberry Daze,81186501,09 Teddy,2429710,https://www.hobbylobby.com/yarn-needle-art/yarn-tools/yarn/baby-bee-snugs-kisses-yarn/p/art704,True,100% Polyester,6 - Super Bulky,brown
8d10c4e5-6261-4c89-bb6f-f8c65da6b31d,Baby Bee Snugs & Kisses Yarn,Baby Bee,09 Teddy,81186505,09 Teddy,2429710,https://www.hobbylobby.com/yarn-needle-art/yarn-tools/yarn/baby-bee-snugs-kisses-yarn/p/art704,True,100% Polyester,6 - Super Bulky,brown
a24344ed-65b8-4ff5-8afc-9fa728295093,White Sparkle I Love This Cotton Sparkle Yarn,I Love this Yarn,06 White Sparkle,,06 White Sparkle,110023,https://www.hobbylobby.com/yarn-needle-art/yarn-tools/yarn/white-sparkle-i-love-this-cotton-sparkle-yarn/p/p37190,True,,,white
f7f124fe-4817-485a-a880-57a02f179f76,Baby Bee Sweet Delight Chunky Yarn,Baby Bee,10 Angel,137350,424 Lilac Haze,2424737,https://www.hobbylobby.com/yarn-needle-art/yarn-tools/yarn/baby-bee-sweet-delight-chunky-yarn/p/yn20270,True,80% Acrylic & 20% Polyamide,5 - Bulky,purple
f7f124fe-4817-485a-a880-57a02f179f76,Baby Bee Sweet Delight Chunky Yarn,Baby Bee,36 Pink-a-Boo,137353,424 Lilac Haze,2424737,https://www.hobbylobby.com/yarn-needle-art/yarn-tools/yarn/baby-bee-sweet-delight-chunky-yarn/p/yn20270,True,80% Acrylic & 20% Polyamide,5 - Bulky,purple
f7f124fe-4817-485a-a880-57a02f179f76,Baby Bee Sweet Delight Chunky Yarn,Baby Bee,50 Baby's Blue,137354,424 Lilac Haze,2424737,https://www.hobbylobby.com/yarn-needle-art/yarn-tools/yarn/baby-bee-sweet-delight-chunky-yarn/p/yn20270,True,80% Acrylic & 20% Polyamide,5 - Bulky,purple
f7f124fe-4817-485a-a880-57a02f179f76,Baby Bee Sweet Delight Chunky Yarn,Baby Bee,400 Pink-A-Boo Marled,80784953,424 Lilac Haze,2424737,https://www.hobbylobby.com/yarn-needle-art/yarn-tools/yarn/baby-bee-sweet-delight-chunky-yarn/p/yn20270,True,80% Acrylic & 20% Polyamide,5 - Bulky,purple
f7f124fe-4817-485a-a880-57a02f179f76,Baby Bee Sweet Delight Chunky Yarn,Baby Bee,401 Bare Blue Marled,80784956,424 Lilac Haze,2424737,https://www.hobbylobby.com/yarn-needle-art/yarn-tools/yarn/baby-bee-sweet-delight-chunky-yarn/p/yn20270,True,80% Acrylic & 20% Polyamide,5 - Bulky,purple
f7f124fe-4817-485a-a880-57a02f179f76,Baby Bee Sweet Delight Chunky Yarn,Baby Bee,28 Baby Sage,81040544,424 Lilac Haze,2424737,https://www.hobbylobby.com/yarn-needle-art/yarn-tools/yarn/baby-bee-sweet-delight-chunky-yarn/p/yn20270,True,80% Acrylic & 20% Polyamide,5 - Bulky,purple
f7f124fe-4817-485a-a880-57a02f179f76,Baby Bee Sweet Delight Chunky Yarn,Baby Bee,412 Water Colors,81040546,424 Lilac Haze,2424737,https://www.hobbylobby.com/yarn-needle-art/yarn-tools/yarn/baby-bee-sweet-delight-chunky-yarn/p/yn20270,True,80% Acrylic & 20% Polyamide,5 - Bulky,purple
f7f124fe-4817-485a-a880-57a02f179f76,Baby Bee Sweet Delight Chunky Yarn,Baby Bee,416 Jumping Juniper,81076578,424 Lilac Haze,2424737,https://www.hobbylobby.com/yarn-needle-art/yarn-tools/yarn/baby-bee-sweet-delight-chunky-yarn/p/yn20270,True,80% Acrylic & 20% Polyamide,5 - Bulky,purple
f7f124fe-4817-485a-a880-57a02f179f76,Baby Bee Sweet Delight Chunky Yarn,Baby Bee,Happy-Go-Rainbow,81138672,424 Lilac Haze,2424737,https://www.hobbylobby.com/yarn-needle-art/yarn-tools/yarn/baby-bee-sweet-delight-chunky-yarn/p/yn20270,True,80% Acrylic & 20% Polyamide,5 - Bulky,purple
f7f124fe-4817-485a-a880-57a02f179f76,Baby Bee Sweet Delight Chunky Yarn,Baby Bee,420 Ballet Twirl,81138673,424 Lilac Haze,2424737,https://www.hobbylobby.com/yarn-needle-art/yarn-tools/yarn/baby-bee-sweet-delight-chunky-yarn/p/yn20270,True,80% Acrylic & 20% Polyamide,5 - Bulky,purple
f7f124fe-4817-485a-a880-57a02f179f76,Baby Bee Sweet Delight Chunky Yarn,Baby Bee,422 Strawberry Quartz,81138674,424 Lilac Haze,2424737,https://www.hobbylobby.com/yarn-needle-art/yarn-tools/yarn/baby-bee-sweet-delight-chunky-yarn/p/yn20270,True,80% Acrylic & 20% Polyamide,5 - Bulky,purple
f7f124fe-4817-485a-a880-57a02f179f76,Baby Bee Sweet Delight Chunky Yarn,Baby Bee,14 Teddy,81185312,424 Lilac Haze,2424737,https://www.hobbylobby.com/yarn-needle-art/yarn-tools/yarn/baby-bee-sweet-delight-chunky-yarn/p/yn20270,True,80% Acrylic & 20% Polyamide,5 - Bulky,purple
f7f124fe-4817-485a-a880-57a02f179f76,Baby Bee Sweet Delight Chunky Yarn,Baby Bee,60 Malachite Moon,81185330,424 Lilac Haze,2424737,https://www.hobbylobby.com/yarn-needle-art/yarn-tools/yarn/baby-bee-sweet-delight-chunky-yarn/p/yn20270,True,80% Acrylic & 20% Polyamide,5 - Bulky,purple
f7f124fe-4817-485a-a880-57a02f179f76,Baby Bee Sweet Delight Chunky Yarn,Baby Bee,61 Plum Pudding,81185366,424 Lilac Haze,2424737,https://www.hobbylobby.com/yarn-needle-art/yarn-tools/yarn/baby-bee-sweet-delight-chunky-yarn/p/yn20270,True,80% Acrylic & 20% Polyamide,5 - Bulky,purple
f7f124fe-4817-485a-a880-57a02f179f76,Baby Bee Sweet Delight Chunky Yarn,Baby Bee,424 Lilac Haze,81185367,424 Lilac Haze,2424737,https://www.hobbylobby.com/yarn-needle-art/yarn-tools/yarn/baby-bee-sweet-delight-chunky-yarn/p/yn20270,True,80% Acrylic & 20% Polyamide,5 - Bulky,purple
f7f124fe-4817-485a-a880-57a02f179f76,Baby Bee Sweet Delight Chunky Yarn,Baby Bee,426 Serendipitous Citrus,81185368,424 Lilac Haze,2424737,https://www.hobbylobby.com/yarn-needle-art/yarn-tools/yarn/baby-bee-sweet-delight-chunky-yarn/p/yn20270,True,80% Acrylic & 20% Polyamide,5 - Bulky,purple
09d36717-cdea-4256-8c8a-e3867a51372d,Baby Bee Sweet Delight Print Yarn,Baby Bee,301 Kitty,35537,440 Woodland Elderberry,2424455,https://www.hobbylobby.com/yarn-needle-art/yarn-tools/yarn/baby-bee-sweet-delight-print-yarn/p/yn20250,True,60% Acrylic & 40% Polyamide,3 - Light,pink
09d36717-cdea-4256-8c8a-e3867a51372d,Baby Bee Sweet Delight Print Yarn,Baby Bee,303 Bubblegum,35538,440 Woodland Elderberry,2424455,https://www.hobbylobby.com/yarn-needle-art/yarn-tools/yarn/baby-bee-sweet-delight-print-yarn/p/yn20250,True,60% Acrylic & 40% Polyamide,3 - Light,pink
09d36717-cdea-4256-8c8a-e3867a51372d,Baby Bee Sweet Delight Print Yarn,Baby Bee,305 Baby Pastel,35540,440 Woodland Elderberry,2424455,https://www.hobbylobby.com/yarn-needle-art/yarn-tools/yarn/baby-bee-sweet-delight-print-yarn/p/yn20250,True,60% Acrylic & 40% Polyamide,3 - Light,pink
09d36717-cdea-4256-8c8a-e3867a51372d,Baby Bee Sweet Delight Print Yarn,Baby Bee,324 Sprinkles,80672689,440 Woodland Elderberry,2424455,https://www.hobbylobby.com/yarn-needle-art/yarn-tools/yarn/baby-bee-sweet-delight-print-yarn/p/yn20250,True,60% Acrylic & 40% Polyamide,3 - Light,pink
09d36717-cdea-4256-8c8a-e3867a51372d,Baby Bee Sweet Delight Print Yarn,Baby Bee,415 Tricycle Time,80842439,440 Woodland Elderberry,2424455,https://www.hobbylobby.com/yarn-needle-art/yarn-tools/yarn/baby-bee-sweet-delight-print-yarn/p/yn20250,True,60% Acrylic & 40% Polyamide,3 - Light,pink
09d36717-cdea-4256-8c8a-e3867a51372d,Baby Bee Sweet Delight Print Yarn,Baby Bee,418 Puppy Kisses,80954298,440 Woodland Elderberry,2424455,https://www.hobbylobby.com/yarn-needle-art/yarn-tools/yarn/baby-bee-sweet-delight-print-yarn/p/yn20250,True,60% Acrylic & 40% Polyamide,3 - Light,pink
09d36717-cdea-4256-8c8a-e3867a51372d,Baby Bee Sweet Delight Print Yarn,Baby Bee,420 Water Colors,81040526,440 Woodland Elderberry,2424455,https://www.hobbylobby.com/yarn-needle-art/yarn-tools/yarn/baby-bee-sweet-delight-print-yarn/p/yn20250,True,60% Acrylic & 40% Polyamide,3 - Light,pink
09d36717-cdea-4256-8c8a-e3867a51372d,Baby Bee Sweet Delight Print Yarn,Baby Bee,422 Teddy Bear Cuddles,81040541,440 Woodland Elderberry,2424455,https://www.hobbylobby.com/yarn-needle-art/yarn-tools/yarn/baby-bee-sweet-delight-print-yarn/p/yn20250,True,60% Acrylic & 40% Polyamide,3 - Light,pink
09d36717-cdea-4256-8c8a-e3867a51372d,Baby Bee Sweet Delight Print Yarn,Baby Bee,428 Paper Mache,81077004,440 Woodland Elderberry,2424455,https://www.hobbylobby.com/yarn-needle-art/yarn-tools/yarn/baby-bee-sweet-delight-print-yarn/p/yn20250,True,60% Acrylic & 40% Polyamide,3 - Light,pink
09d36717-cdea-4256-8c8a-e3867a51372d,Baby Bee Sweet Delight Print Yarn,Baby Bee,432 Coral Cutie,81077011,440 Woodland Elderberry,2424455,https://www.hobbylobby.com/yarn-needle-art/yarn-tools/yarn/baby-bee-sweet-delight-print-yarn/p/yn20250,True,60% Acrylic & 40% Polyamide,3 - Light,pink
09d36717-cdea-4256-8c8a-e3867a51372d,Baby Bee Sweet Delight Print Yarn,Baby Bee,434 Springtime Chateau,81185253,440 Woodland Elderberry,2424455,https://www.hobbylobby.com/yarn-needle-art/yarn-tools/yarn/baby-bee-sweet-delight-print-yarn/p/yn20250,True,60% Acrylic & 40% Polyamide,3 - Light,pink
09d36717-cdea-4256-8c8a-e3867a51372d,Baby Bee Sweet Delight Print Yarn,Baby Bee,436 Sapphire Espresso,81185264,440 Woodland Elderberry,2424455,https://www.hobbylobby.com/yarn-needle-art/yarn-tools/yarn/baby-bee-sweet-delight-print-yarn/p/yn20250,True,60% Acrylic & 40% Polyamide,3 - Light,pink
09d36717-cdea-4256-8c8a-e3867a51372d,Baby Bee Sweet Delight Print Yarn,Baby Bee,438 French Fields,81185280,440 Woodland Elderberry,2424455,https://www.hobbylobby.com/yarn-needle-art/yarn-tools/yarn/baby-bee-sweet-delight-print-yarn/p/yn20250,True,60% Acrylic & 40% Polyamide,3 - Light,pink
09d36717-cdea-4256-8c8a-e3867a51372d,Baby Bee Sweet Delight Print Yarn,Baby Bee,440 Woodland Elderberry,81185290,440 Woodland Elderberry,2424455,https://www.hobbylobby.com/yarn-needle-art/yarn-tools/yarn/baby-bee-sweet-delight-print-yarn/p/yn20250,True,60% Acrylic & 40% Polyamide,3 - Light,pink
cd7a2b7b-4c42-4724-a54b-986ca186ac06,Yarn Bee Soft & Sleek Yarn,Yarn Bee,100 White,80787633,630 Blush,1671221,https://www.hobbylobby.com/yarn-needle-art/yarn-tools/yarn/yarn-bee-soft-sleek-yarn/p/ss42114,True,100% Low Pill Acrylic,4 - Medium,pink
cd7a2b7b-4c42-4724-a54b-986ca186ac06,Yarn Bee Soft & Sleek Yarn,Yarn Bee,1 Black,80787634,630 Blush,1671221,https://www.hobbylobby.com/yarn-needle-art/yarn-tools/yarn/yarn-bee-soft-sleek-yarn/p/ss42114,True,100% Low Pill Acrylic,4 - Medium,pink
cd7a2b7b-4c42-4724-a54b-986ca186ac06,Yarn Bee Soft & Sleek Yarn,Yarn Bee,101 Ivory,80787635,630 Blush,1671221,https://www.hobbylobby.com/yarn-needle-art/yarn-tools/yarn/yarn-bee-soft-sleek-yarn/p/ss42114,True,100% Low Pill Acrylic,4 - Medium,pink
cd7a2b7b-4c42-4724-a54b-986ca186ac06,Yarn Bee Soft & Sleek Yarn,Yarn Bee,200 Brownie,80787636,630 Blush,1671221,https://www.hobbylobby.com/yarn-needle-art/yarn-tools/yarn/yarn-bee-soft-sleek-yarn/p/ss42114,True,100% Low Pill Acrylic,4 - Medium,pink
cd7a2b7b-4c42-4724-a54b-986ca186ac06,Yarn Bee Soft & Sleek Yarn,Yarn Bee,30 Light Gray,80787637,630 Blush,1671221,https://www.hobbylobby.com/yarn-needle-art/yarn-tools/yarn/yarn-bee-soft-sleek-yarn/p/ss42114,True,100% Low Pill Acrylic,4 - Medium,pink
cd7a2b7b-4c42-4724-a54b-986ca186ac06,Yarn Bee Soft & Sleek Yarn,Yarn Bee,605 Burgundy,80787638,630 Blush,1671221,https://www.hobbylobby.com/yarn-needle-art/yarn-tools/yarn/yarn-bee-soft-sleek-yarn/p/ss42114,True,100% Low Pill Acrylic,4 - Medium,pink
cd7a2b7b-4c42-4724-a54b-986ca186ac06,Yarn Bee Soft & Sleek Yarn,Yarn Bee,700 Pale Yellow,80787639,630 Blush,1671221,https://www.hobbylobby.com/yarn-needle-art/yarn-tools/yarn/yarn-bee-soft-sleek-yarn/p/ss42114,True,100% Low Pill Acrylic,4 - Medium,pink
cd7a2b7b-4c42-4724-a54b-986ca186ac06,Yarn Bee Soft & Sleek Yarn,Yarn Bee,645 Soft Pink,80787641,630 Blush,1671221,https://www.hobbylobby.com/yarn-needle-art/yarn-tools/yarn/yarn-bee-soft-sleek-yarn/p/ss42114,True,100% Low Pill Acrylic,4 - Medium,pink
cd7a2b7b-4c42-4724-a54b-986ca186ac06,Yarn Bee Soft & Sleek Yarn,Yarn Bee,40 Dark Gray,80787653,630 Blush,1671221,https://www.hobbylobby.com/yarn-needle-art/yarn-tools/yarn/yarn-bee-soft-sleek-yarn/p/ss42114,True,100% Low Pill Acrylic,4 - Medium,pink
cd7a2b7b-4c42-4724-a54b-986ca186ac06,Yarn Bee Soft & Sleek Yarn,Yarn Bee,405 Navy,80787660,630 Blush,1671221,https://www.hobbylobby.com/yarn-needle-art/yarn-tools/yarn/yarn-bee-soft-sleek-yarn/p/ss42114,True,100% Low Pill Acrylic,4 - Medium,pink
cd7a2b7b-4c42-4724-a54b-986ca186ac06,Yarn Bee Soft & Sleek Yarn,Yarn Bee,500 Purple,80787665,630 Blush,1671221,https://www.hobbylobby.com/yarn-needle-art/yarn-tools/yarn/yarn-bee-soft-sleek-yarn/p/ss42114,True,100% Low Pill Acrylic,4 - Medium,pink
cd7a2b7b-4c42-4724-a54b-986ca186ac06,Yarn Bee Soft & Sleek Yarn,Yarn Bee,600 Red,80787675,630 Blush,1671221,https://www.hobbylobby.com/yarn-needle-art/yarn-tools/yarn/yarn-bee-soft-sleek-yarn/p/ss42114,True,100% Low Pill Acrylic,4 - Medium,pink
cd7a2b7b-4c42-4724-a54b-986ca186ac06,Yarn Bee Soft & Sleek Yarn,Yarn Bee,906 Denim Blues,80787718,630 Blush,1671221,https://www.hobbylobby.com/yarn-needle-art/yarn-tools/yarn/yarn-bee-soft-sleek-yarn/p/ss42114,True,100% Low Pill Acrylic,4 - Medium,pink
cd7a2b7b-4c42-4724-a54b-986ca186ac06,Yarn Bee Soft & Sleek Yarn,Yarn Bee,908 Purple & Gray Multi,80787720,630 Blush,1671221,https://www.hobbylobby.com/yarn-needle-art/yarn-tools/yarn/yarn-bee-soft-sleek-yarn/p/ss42114,True,100% Low Pill Acrylic,4 - Medium,pink
cd7a2b7b-4c42-4724-a54b-986ca186ac06,Yarn Bee Soft & Sleek Yarn,Yarn Bee,916 Berry Mix,80787724,630 Blush,1671221,https://www.hobbylobby.com/yarn-needle-art/yarn-tools/yarn/yarn-bee-soft-sleek-yarn/p/ss42114,True,100% Low Pill Acrylic,4 - Medium,pink
cd7a2b7b-4c42-4724-a54b-986ca186ac06,Yarn Bee Soft & Sleek Yarn,Yarn Bee,710 Mustard,80880182,630 Blush,1671221,https://www.hobbylobby.com/yarn-needle-art/yarn-tools/yarn/yarn-bee-soft-sleek-yarn/p/ss42114,True,100% Low Pill Acrylic,4 - Medium,pink
cd7a2b7b-4c42-4724-a54b-986ca186ac06,Yarn Bee Soft & Sleek Yarn,Yarn Bee,505 French Lilac,80880185,630 Blush,1671221,https://www.hobbylobby.com/yarn-needle-art/yarn-tools/yarn/yarn-bee-soft-sleek-yarn/p/ss42114,True,100% Low Pill Acrylic,4 - Medium,pink
cd7a2b7b-4c42-4724-a54b-986ca186ac06,Yarn Bee Soft & Sleek Yarn,Yarn Bee,35 Silver Gray,80880186,630 Blush,1671221,https://www.hobbylobby.com/yarn-needle-art/yarn-tools/yarn/yarn-bee-soft-sleek-yarn/p/ss42114,True,100% Low Pill Acrylic,4 - Medium,pink
cd7a2b7b-4c42-4724-a54b-986ca186ac06,Yarn Bee Soft & Sleek Yarn,Yarn Bee,202 Linen,80880187,630 Blush,1671221,https://www.hobbylobby.com/yarn-needle-art/yarn-tools/yarn/yarn-bee-soft-sleek-yarn/p/ss42114,True,100% Low Pill Acrylic,4 - Medium,pink
cd7a2b7b-4c42-4724-a54b-986ca186ac06,Yarn Bee Soft & Sleek Yarn,Yarn Bee,325 Teal Green,80880188,630 Blush,1671221,https://www.hobbylobby.com/yarn-needle-art/yarn-tools/yarn/yarn-bee-soft-sleek-yarn/p/ss42114,True,100% Low Pill Acrylic,4 - Medium,pink
cd7a2b7b-4c42-4724-a54b-986ca186ac06,Yarn Bee Soft & Sleek Yarn,Yarn Bee,305 Kale,80880189,630 Blush,1671221,https://www.hobbylobby.com/yarn-needle-art/yarn-tools/yarn/yarn-bee-soft-sleek-yarn/p/ss42114,True,100% Low Pill Acrylic,4 - Medium,pink
cd7a2b7b-4c42-4724-a54b-986ca186ac06,Yarn Bee Soft & Sleek Yarn,Yarn Bee,310 Green Apple,80880190,630 Blush,1671221,https://www.hobbylobby.com/yarn-needle-art/yarn-tools/yarn/yarn-bee-soft-sleek-yarn/p/ss42114,True,100% Low Pill Acrylic,4 - Medium,pink
cd7a2b7b-4c42-4724-a54b-986ca186ac06,Yarn Bee Soft & Sleek Yarn,Yarn Bee,415 Teal Blue,80880191,630 Blush,1671221,https://www.hobbylobby.com/yarn-needle-art/yarn-tools/yarn/yarn-bee-soft-sleek-yarn/p/ss42114,True,100% Low Pill Acrylic,4 - Medium,pink
cd7a2b7b-4c42-4724-a54b-986ca186ac06,Yarn Bee Soft & Sleek Yarn,Yarn Bee,410 Light Blue,80880192,630 Blush,1671221,https://www.hobbylobby.com/yarn-needle-art/yarn-tools/yarn/yarn-bee-soft-sleek-yarn/p/ss42114,True,100% Low Pill Acrylic,4 - Medium,pink
cd7a2b7b-4c42-4724-a54b-986ca186ac06,Yarn Bee Soft & Sleek Yarn,Yarn Bee,805 Pumpkin Spice,80880193,630 Blush,1671221,https://www.hobbylobby.com/yarn-needle-art/yarn-tools/yarn/yarn-bee-soft-sleek-yarn/p/ss42114,True,100% Low Pill Acrylic,4 - Medium,pink
cd7a2b7b-4c42-4724-a54b-986ca186ac06,Yarn Bee Soft & Sleek Yarn,Yarn Bee,515 Plum,80880194,630 Blush,1671221,https://www.hobbylobby.com/yarn-needle-art/yarn-tools/yarn/yarn-bee-soft-sleek-yarn/p/ss42114,True,100% Low Pill Acrylic,4 - Medium,pink
cd7a2b7b-4c42-4724-a54b-986ca186ac06,Yarn Bee Soft & Sleek Yarn,Yarn Bee,650 Hot Pink,80880195,630 Blush,1671221,https://www.hobbylobby.com/yarn-needle-art/yarn-tools/yarn/yarn-bee-soft-sleek-yarn/p/ss42114,True,100% Low Pill Acrylic,4 - Medium,pink
cd7a2b7b-4c42-4724-a54b-986ca186ac06,Yarn Bee Soft & Sleek Yarn,Yarn Bee,635 Mauve,80880197,630 Blush,1671221,https://www.hobbylobby.com/yarn-needle-art/yarn-tools/yarn/yarn-bee-soft-sleek-yarn/p/ss42114,True,100% Low Pill Acrylic,4 - Medium,pink
cd7a2b7b-4c42-4724-a54b-986ca186ac06,Yarn Bee Soft & Sleek Yarn,Yarn Bee,620 Spice,80880198,630 Blush,1671221,https://www.hobbylobby.com/yarn-needle-art/yarn-tools/yarn/yarn-bee-soft-sleek-yarn/p/ss42114,True,100% Low Pill Acrylic,4 - Medium,pink
cd7a2b7b-4c42-4724-a54b-986ca186ac06,Yarn Bee Soft & Sleek Yarn,Yarn Bee,630 Blush,80891081,630 Blush,1671221,https://www.hobbylobby.com/yarn-needle-art/yarn-tools/yarn/yarn-bee-soft-sleek-yarn/p/ss42114,True,100% Low Pill Acrylic,4 - Medium,pink
cd7a2b7b-4c42-4724-a54b-986ca186ac06,Yarn Bee Soft & Sleek Yarn,Yarn Bee,610 Chili Red,80891083,630 Blush,1671221,https://www.hobbylobby.com/yarn-needle-art/yarn-tools/yarn/yarn-bee-soft-sleek-yarn/p/ss42114,True,100% Low Pill Acrylic,4 - Medium,pink
cd7a2b7b-4c42-4724-a54b-986ca186ac06,Yarn Bee Soft & Sleek Yarn,Yarn Bee,210 Tobacco,80891084,630 Blush,1671221,https://www.hobbylobby.com/yarn-needle-art/yarn-tools/yarn/yarn-bee-soft-sleek-yarn/p/ss42114,True,100% Low Pill Acrylic,4 - Medium,pink
cd7a2b7b-4c42-4724-a54b-986ca186ac06,Yarn Bee Soft & Sleek Yarn,Yarn Bee,42 Dark Heather Gray,80896078,630 Blush,1671221,https://www.hobbylobby.com/yarn-needle-art/yarn-tools/yarn/yarn-bee-soft-sleek-yarn/p/ss42114,True,100% Low Pill Acrylic,4 - Medium,pink
cd7a2b7b-4c42-4724-a54b-986ca186ac06,Yarn Bee Soft & Sleek Yarn,Yarn Bee,204 Oatmeal,80896080,630 Blush,1671221,https://www.hobbylobby.com/yarn-needle-art/yarn-tools/yarn/yarn-bee-soft-sleek-yarn/p/ss42114,True,100% Low Pill Acrylic,4 - Medium,pink
cd7a2b7b-4c42-4724-a54b-986ca186ac06,Yarn Bee Soft & Sleek Yarn,Yarn Bee,510 Purple Haze,80990788,630 Blush,1671221,https://www.hobbylobby.com/yarn-needle-art/yarn-tools/yarn/yarn-bee-soft-sleek-yarn/p/ss42114,True,100% Low Pill Acrylic,4 - Medium,pink
cd7a2b7b-4c42-4724-a54b-986ca186ac06,Yarn Bee Soft & Sleek Yarn,Yarn Bee,302 Sage,80990789,630 Blush,1671221,https://www.hobbylobby.com/yarn-needle-art/yarn-tools/yarn/yarn-bee-soft-sleek-yarn/p/ss42114,True,100% Low Pill Acrylic,4 - Medium,pink
cd7a2b7b-4c42-4724-a54b-986ca186ac06,Yarn Bee Soft & Sleek Yarn,Yarn Bee,690 Clay,80990790,630 Blush,1671221,https://www.hobbylobby.com/yarn-needle-art/yarn-tools/yarn/yarn-bee-soft-sleek-yarn/p/ss42114,True,100% Low Pill Acrylic,4 - Medium,pink
cd7a2b7b-4c42-4724-a54b-986ca186ac06,Yarn Bee Soft & Sleek Yarn,Yarn Bee,304 Viridescent,81038844,630 Blush,1671221,https://www.hobbylobby.com/yarn-needle-art/yarn-tools/yarn/yarn-bee-soft-sleek-yarn/p/ss42114,True,100% Low Pill Acrylic,4 - Medium,pink
cd7a2b7b-4c42-4724-a54b-986ca186ac06,Yarn Bee Soft & Sleek Yarn,Yarn Bee,404 Crisp Air,81038848,630 Blush,1671221,https://www.hobbylobby.com/yarn-needle-art/yarn-tools/yarn/yarn-bee-soft-sleek-yarn/p/ss42114,True,100% Low Pill Acrylic,4 - Medium,pink
cd7a2b7b-4c42-4724-a54b-986ca186ac06,Yarn Bee Soft & Sleek Yarn,Yarn Bee,695 Bruschetta,81038849,630 Blush,1671221,https://www.hobbylobby.com/yarn-needle-art/yarn-tools/yarn/yarn-bee-soft-sleek-yarn/p/ss42114,True,100% Low Pill Acrylic,4 - Medium,pink
cd7a2b7b-4c42-4724-a54b-986ca186ac06,Yarn Bee Soft & Sleek Yarn,Yarn Bee,315 Olive,81038851,630 Blush,1671221,https://www.hobbylobby.com/yarn-needle-art/yarn-tools/yarn/yarn-bee-soft-sleek-yarn/p/ss42114,True,100% Low Pill Acrylic,4 - Medium,pink
cd7a2b7b-4c42-4724-a54b-986ca186ac06,Yarn Bee Soft & Sleek Yarn,Yarn Bee,956 Auburn Delight,81038855,630 Blush,1671221,https://www.hobbylobby.com/yarn-needle-art/yarn-tools/yarn/yarn-bee-soft-sleek-yarn/p/ss42114,True,100% Low Pill Acrylic,4 - Medium,pink
cd7a2b7b-4c42-4724-a54b-986ca186ac06,Yarn Bee Soft & Sleek Yarn,Yarn Bee,Turquoise,81234965,630 Blush,1671221,https://www.hobbylobby.com/yarn-needle-art/yarn-tools/yarn/yarn-bee-soft-sleek-yarn/p/ss42114,True,100% Low Pill Acrylic,4 - Medium,pink
cd7a2b7b-4c42-4724-a54b-986ca186ac06,Yarn Bee Soft & Sleek Yarn,Yarn Bee,Forest,81234968,630 Blush,1671221,https://www.hobbylobby.com/yarn-needle-art/yarn-tools/yarn/yarn-bee-soft-sleek-yarn/p/ss42114,True,100% Low Pill Acrylic,4 - Medium,pink
cd7a2b7b-4c42-4724-a54b-986ca186ac06,Yarn Bee Soft & Sleek Yarn,Yarn Bee,Brown,81234970,630 Blush,1671221,https://www.hobbylobby.com/yarn-needle-art/yarn-tools/yarn/yarn-bee-soft-sleek-yarn/p/ss42114,True,100% Low Pill Acrylic,4 - Medium,pink
cd7a2b7b-4c42-4724-a54b-986ca186ac06,Yarn Bee Soft & Sleek Yarn,Yarn Bee,Dark Country Blue,81235133,630 Blush,1671221,https://www.hobbylobby.com/yarn-needle-art/yarn-tools/yarn/yarn-bee-soft-sleek-yarn/p/ss42114,True,100% Low Pill Acrylic,4 - Medium,pink
1184a4bc-22e1-4a38-9c7e-dd41e2d2316e,Yarn Bee Tender Touch Yarn,Yarn Bee,100 Snow,34795,152 Suede,2197127,https://www.hobbylobby.com/yarn-needle-art/yarn-tools/yarn/yarn-bee-tender-touch-yarn/p/yn20630,True,100% Acrylic,5 - Bulky,brown
1184a4bc-22e1-4a38-9c7e-dd41e2d2316e,Yarn Bee Tender Touch Yarn,Yarn Bee,115 Fleece,34796,152 Suede,2197127,https://www.hobbylobby.com/yarn-needle-art/yarn-tools/yarn/yarn-bee-tender-touch-yarn/p/yn20630,True,100% Acrylic,5 - Bulky,brown
1184a4bc-22e1-4a38-9c7e-dd41e2d2316e,Yarn Bee Tender Touch Yarn,Yarn Bee,104 Shadow,34797,152 Suede,2197127,https://www.hobbylobby.com/yarn-needle-art/yarn-tools/yarn/yarn-bee-tender-touch-yarn/p/yn20630,True,100% Acrylic,5 - Bulky,brown
1184a4bc-22e1-4a38-9c7e-dd41e2d2316e,Yarn Bee Tender Touch Yarn,Yarn Bee,103 Sable,35680,152 Suede,2197127,https://www.hobbylobby.com/yarn-needle-art/yarn-tools/yarn/yarn-bee-tender-touch-yarn/p/yn20630,True,100% Acrylic,5 - Bulky,brown
1184a4bc-22e1-4a38-9c7e-dd41e2d2316e,Yarn Bee Tender Touch Yarn,Yarn Bee,101 Rain,35928,152 Suede,2197127,https://www.hobbylobby.com/yarn-needle-art/yarn-tools/yarn/yarn-bee-tender-touch-yarn/p/yn20630,True,100% Acrylic,5 - Bulky,brown
1184a4bc-22e1-4a38-9c7e-dd41e2d2316e,Yarn Bee Tender Touch Yarn,Yarn Bee,102 Dove,35929,152 Suede,2197127,https://www.hobbylobby.com/yarn-needle-art/yarn-tools/yarn/yarn-bee-tender-touch-yarn/p/yn20630,True,100% Acrylic,5 - Bulky,brown
1184a4bc-22e1-4a38-9c7e-dd41e2d2316e,Yarn Bee Tender Touch Yarn,Yarn Bee,142 Sage,80952967,152 Suede,2197127,https://www.hobbylobby.com/yarn-needle-art/yarn-tools/yarn/yarn-bee-tender-touch-yarn/p/yn20630,True,100% Acrylic,5 - Bulky,brown
1184a4bc-22e1-4a38-9c7e-dd41e2d2316e,Yarn Bee Tender Touch Yarn,Yarn Bee,144 Olive,80990668,152 Suede,2197127,https://www.hobbylobby.com/yarn-needle-art/yarn-tools/yarn/yarn-bee-tender-touch-yarn/p/yn20630,True,100% Acrylic,5 - Bulky,brown
1184a4bc-22e1-4a38-9c7e-dd41e2d2316e,Yarn Bee Tender Touch Yarn,Yarn Bee,146 Pale Teal,81040511,152 Suede,2197127,https://www.hobbylobby.com/yarn-needle-art/yarn-tools/yarn/yarn-bee-tender-touch-yarn/p/yn20630,True,100% Acrylic,5 - Bulky,brown
1184a4bc-22e1-4a38-9c7e-dd41e2d2316e,Yarn Bee Tender Touch Yarn,Yarn Bee,148 Seaglass,81076700,152 Suede,2197127,https://www.hobbylobby.com/yarn-needle-art/yarn-tools/yarn/yarn-bee-tender-touch-yarn/p/yn20630,True,100% Acrylic,5 - Bulky,brown
1184a4bc-22e1-4a38-9c7e-dd41e2d2316e,Yarn Bee Tender Touch Yarn,Yarn Bee,150 Copper,81076701,152 Suede,2197127,https://www.hobbylobby.com/yarn-needle-art/yarn-tools/yarn/yarn-bee-tender-touch-yarn/p/yn20630,True,100% Acrylic,5 - Bulky,brown
1184a4bc-22e1-4a38-9c7e-dd41e2d2316e,Yarn Bee Tender Touch Yarn,Yarn Bee,152 Suede,81076703,152 Suede,2197127,https://www.hobbylobby.com/yarn-needle-art/yarn-tools/yarn/yarn-bee-tender-touch-yarn/p/yn20630,True,100% Acrylic,5 - Bulky,brown
ebcdbcbd-5737-4551-ae40-cf80d53b3ec9,Yarn Bee Sugarwheel Yarn,Yarn Bee,28 Go Go Cocoa,80826184,71 Candied Orange,1627470,https://www.hobbylobby.com/yarn-needle-art/yarn-tools/yarn/yarn-bee-sugarwheel-yarn/p/sw201210,True,97% Acrylic & 3% Metallic Polyester,4 - Medium,multi
ebcdbcbd-5737-4551-ae40-cf80d53b3ec9,Yarn Bee Sugarwheel Yarn,Yarn Bee,1 Licorice Jellybean,80826209,71 Candied Orange,1627470,https://www.hobbylobby.com/yarn-needle-art/yarn-tools/yarn/yarn-bee-sugarwheel-yarn/p/sw201210,True,97% Acrylic & 3% Metallic Polyester,4 - Medium,multi
ebcdbcbd-5737-4551-ae40-cf80d53b3ec9,Yarn Bee Sugarwheel Yarn,Yarn Bee,7 Grape Jamboree,80826214,71 Candied Orange,1627470,https://www.hobbylobby.com/yarn-needle-art/yarn-tools/yarn/yarn-bee-sugarwheel-yarn/p/sw201210,True,97% Acrylic & 3% Metallic Polyester,4 - Medium,multi
ebcdbcbd-5737-4551-ae40-cf80d53b3ec9,Yarn Bee Sugarwheel Yarn,Yarn Bee,58 Petits Fours Galore,80880599,71 Candied Orange,1627470,https://www.hobbylobby.com/yarn-needle-art/yarn-tools/yarn/yarn-bee-sugarwheel-yarn/p/sw201210,True,97% Acrylic & 3% Metallic Polyester,4 - Medium,multi
ebcdbcbd-5737-4551-ae40-cf80d53b3ec9,Yarn Bee Sugarwheel Yarn,Yarn Bee,64 Gimme Cobbler,80880606,71 Candied Orange,1627470,https://www.hobbylobby.com/yarn-needle-art/yarn-tools/yarn/yarn-bee-sugarwheel-yarn/p/sw201210,True,97% Acrylic & 3% Metallic Polyester,4 - Medium,multi
ebcdbcbd-5737-4551-ae40-cf80d53b3ec9,Yarn Bee Sugarwheel Yarn,Yarn Bee,69 Gelato's My Motto,80880613,71 Candied Orange,1627470,https://www.hobbylobby.com/yarn-needle-art/yarn-tools/yarn/yarn-bee-sugarwheel-yarn/p/sw201210,True,97% Acrylic & 3% Metallic Polyester,4 - Medium,multi
ebcdbcbd-5737-4551-ae40-cf80d53b3ec9,Yarn Bee Sugarwheel Yarn,Yarn Bee,71 Candied Orange,80880616,71 Candied Orange,1627470,https://www.hobbylobby.com/yarn-needle-art/yarn-tools/yarn/yarn-bee-sugarwheel-yarn/p/sw201210,True,97% Acrylic & 3% Metallic Polyester,4 - Medium,multi
ebcdbcbd-5737-4551-ae40-cf80d53b3ec9,Yarn Bee Sugarwheel Yarn,Yarn Bee,79 Color By Numbers,80990625,71 Candied Orange,1627470,https://www.hobbylobby.com/yarn-needle-art/yarn-tools/yarn/yarn-bee-sugarwheel-yarn/p/sw201210,True,97% Acrylic & 3% Metallic Polyester,4 - Medium,multi
4b0f7a27-ba0d-4cf8-aa8f-b907b30b6dec,Baby Bee Adore-A-Ball Bulky Yarn,Baby Bee,100 Angel,80843883,982 Happy Face,2095164,https://www.hobbylobby.com/yarn-needle-art/yarn-tools/yarn/baby-bee-adore-a-ball-bulky-yarn/p/ay87930,True,100% Polyester,5 - Bulky,multi
4b0f7a27-ba0d-4cf8-aa8f-b907b30b6dec,Baby Bee Adore-A-Ball Bulky Yarn,Baby Bee,660 Pink-A-Boo,80843884,982 Happy Face,2095164,https://www.hobbylobby.com/yarn-needle-art/yarn-tools/yarn/baby-bee-adore-a-ball-bulky-yarn/p/ay87930,True,100% Polyester,5 - Bulky,multi
4b0f7a27-ba0d-4cf8-aa8f-b907b30b6dec,Baby Bee Adore-A-Ball Bulky Yarn,Baby Bee,35 Toy Elephant,80843886,982 Happy Face,2095164,https://www.hobbylobby.com/yarn-needle-art/yarn-tools/yarn/baby-bee-adore-a-ball-bulky-yarn/p/ay87930,True,100% Polyester,5 - Bulky,multi
4b0f7a27-ba0d-4cf8-aa8f-b907b30b6dec,Baby Bee Adore-A-Ball Bulky Yarn,Baby Bee,990 Camo Green,80843887,982 Happy Face,2095164,https://www.hobbylobby.com/yarn-needle-art/yarn-tools/yarn/baby-bee-adore-a-ball-bulky-yarn/p/ay87930,True,100% Polyester,5 - Bulky,multi
4b0f7a27-ba0d-4cf8-aa8f-b907b30b6dec,Baby Bee Adore-A-Ball Bulky Yarn,Baby Bee,996 Maiden Fair,80891201,982 Happy Face,2095164,https://www.hobbylobby.com/yarn-needle-art/yarn-tools/yarn/baby-bee-adore-a-ball-bulky-yarn/p/ay87930,True,100% Polyester,5 - Bulky,multi
4b0f7a27-ba0d-4cf8-aa8f-b907b30b6dec,Baby Bee Adore-A-Ball Bulky Yarn,Baby Bee,2 Aqua Marled,80891202,982 Happy Face,2095164,https://www.hobbylobby.com/yarn-needle-art/yarn-tools/yarn/baby-bee-adore-a-ball-bulky-yarn/p/ay87930,True,100% Polyester,5 - Bulky,multi
4b0f7a27-ba0d-4cf8-aa8f-b907b30b6dec,Baby Bee Adore-A-Ball Bulky Yarn,Baby Bee,980 Watercolor Wishes,80990657,982 Happy Face,2095164,https://www.hobbylobby.com/yarn-needle-art/yarn-tools/yarn/baby-bee-adore-a-ball-bulky-yarn/p/ay87930,True,100% Polyester,5 - Bulky,multi
4b0f7a27-ba0d-4cf8-aa8f-b907b30b6dec,Baby Bee Adore-A-Ball Bulky Yarn,Baby Bee,982 Happy Face,81040508,982 Happy Face,2095164,https://www.hobbylobby.com/yarn-needle-art/yarn-tools/yarn/baby-bee-adore-a-ball-bulky-yarn/p/ay87930,True,100% Polyester,5 - Bulky,multi
4b0f7a27-ba0d-4cf8-aa8f-b907b30b6dec,Baby Bee Adore-A-Ball Bulky Yarn,Baby Bee,984 Jumping Juniper,81076705,982 Happy Face,2095164,https://www.hobbylobby.com/yarn-needle-art/yarn-tools/yarn/baby-bee-adore-a-ball-bulky-yarn/p/ay87930,True,100% Polyester,5 - Bulky,multi
4e16aaa8-ea5a-4997-9085-9a565345baef,Yarn Bee Sugarwheel Cotton Yarn,Yarn Bee,10 Sprinkles On Top,80880557,180 Neptune Haze,2286110,https://www.hobbylobby.com/yarn-needle-art/yarn-tools/yarn/yarn-bee-sugarwheel-cotton-yarn/p/sw97946,True,100% Cotton,3 - Light,multi
4e16aaa8-ea5a-4997-9085-9a565345baef,Yarn Bee Sugarwheel Cotton Yarn,Yarn Bee,"30 Honey, It's Homemade",80880559,180 Neptune Haze,2286110,https://www.hobbylobby.com/yarn-needle-art/yarn-tools/yarn/yarn-bee-sugarwheel-cotton-yarn/p/sw97946,True,100% Cotton,3 - Light,multi
4e16aaa8-ea5a-4997-9085-9a565345baef,Yarn Bee Sugarwheel Cotton Yarn,Yarn Bee,50 Nutmeg Nibbles,80880561,180 Neptune Haze,2286110,https://www.hobbylobby.com/yarn-needle-art/yarn-tools/yarn/yarn-bee-sugarwheel-cotton-yarn/p/sw97946,True,100% Cotton,3 - Light,multi
4e16aaa8-ea5a-4997-9085-9a565345baef,Yarn Bee Sugarwheel Cotton Yarn,Yarn Bee,90 Forever Fruity,80880565,180 Neptune Haze,2286110,https://www.hobbylobby.com/yarn-needle-art/yarn-tools/yarn/yarn-bee-sugarwheel-cotton-yarn/p/sw97946,True,100% Cotton,3 - Light,multi
4e16aaa8-ea5a-4997-9085-9a565345baef,Yarn Bee Sugarwheel Cotton Yarn,Yarn Bee,130 Paris Mornings,80931545,180 Neptune Haze,2286110,https://www.hobbylobby.com/yarn-needle-art/yarn-tools/yarn/yarn-bee-sugarwheel-cotton-yarn/p/sw97946,True,100% Cotton,3 - Light,multi
4e16aaa8-ea5a-4997-9085-9a565345baef,Yarn Bee Sugarwheel Cotton Yarn,Yarn Bee,145 Harbor Wish,80931548,180 Neptune Haze,2286110,https://www.hobbylobby.com/yarn-needle-art/yarn-tools/yarn/yarn-bee-sugarwheel-cotton-yarn/p/sw97946,True,100% Cotton,3 - Light,multi
4e16aaa8-ea5a-4997-9085-9a565345baef,Yarn Bee Sugarwheel Cotton Yarn,Yarn Bee,167 Citrus Grove,81076547,180 Neptune Haze,2286110,https://www.hobbylobby.com/yarn-needle-art/yarn-tools/yarn/yarn-bee-sugarwheel-cotton-yarn/p/sw97946,True,100% Cotton,3 - Light,multi
4e16aaa8-ea5a-4997-9085-9a565345baef,Yarn Bee Sugarwheel Cotton Yarn,Yarn Bee,180 Neptune Haze,81138676,180 Neptune Haze,2286110,https://www.hobbylobby.com/yarn-needle-art/yarn-tools/yarn/yarn-bee-sugarwheel-cotton-yarn/p/sw97946,True,100% Cotton,3 - Light,multi
d046fb82-115b-4aa7-a250-fb97d6e98e6e,Yarn Bee Velvety Smooth Aran Yarn,Yarn Bee,01 Spa,81042332,07 Slate Blue,2196996,https://www.hobbylobby.com/yarn-needle-art/yarn-tools/yarn/yarn-bee-velvety-smooth-aran-yarn/p/art49yarn,True,100% Polyester,4 - Medium,blue
d046fb82-115b-4aa7-a250-fb97d6e98e6e,Yarn Bee Velvety Smooth Aran Yarn,Yarn Bee,02 Caramel,81042334,07 Slate Blue,2196996,https://www.hobbylobby.com/yarn-needle-art/yarn-tools/yarn/yarn-bee-velvety-smooth-aran-yarn/p/art49yarn,True,100% Polyester,4 - Medium,blue
d046fb82-115b-4aa7-a250-fb97d6e98e6e,Yarn Bee Velvety Smooth Aran Yarn,Yarn Bee,03 Aubergine,81042335,07 Slate Blue,2196996,https://www.hobbylobby.com/yarn-needle-art/yarn-tools/yarn/yarn-bee-velvety-smooth-aran-yarn/p/art49yarn,True,100% Polyester,4 - Medium,blue
d046fb82-115b-4aa7-a250-fb97d6e98e6e,Yarn Bee Velvety Smooth Aran Yarn,Yarn Bee,04 Charcoal,81042337,07 Slate Blue,2196996,https://www.hobbylobby.com/yarn-needle-art/yarn-tools/yarn/yarn-bee-velvety-smooth-aran-yarn/p/art49yarn,True,100% Polyester,4 - Medium,blue
d046fb82-115b-4aa7-a250-fb97d6e98e6e,Yarn Bee Velvety Smooth Aran Yarn,Yarn Bee,06 White,81042340,07 Slate Blue,2196996,https://www.hobbylobby.com/yarn-needle-art/yarn-tools/yarn/yarn-bee-velvety-smooth-aran-yarn/p/art49yarn,True,100% Polyester,4 - Medium,blue
d046fb82-115b-4aa7-a250-fb97d6e98e6e,Yarn Bee Velvety Smooth Aran Yarn,Yarn Bee,07 Slate Blue,81076677,07 Slate Blue,2196996,https://www.hobbylobby.com/yarn-needle-art/yarn-tools/yarn/yarn-bee-velvety-smooth-aran-yarn/p/art49yarn,True,100% Polyester,4 - Medium,blue
f090521a-bfc5-40b4-914d-fec5f88d59a0,Crafter's Secret Variegated Cotton Yarn,Crafter's Secret,134 Potpourri Print,138136,214 Holly Jolly,2313443,https://www.hobbylobby.com/yarn-needle-art/yarn-tools/yarn/crafter-s-secret-variegated-cotton-yarn/p/93yd2oz109yarn,True,100% Cotton,4 - Medium,multi
f090521a-bfc5-40b4-914d-fec5f88d59a0,Crafter's Secret Variegated Cotton Yarn,Crafter's Secret,148 Greener Pastures,138137,214 Holly Jolly,2313443,https://www.hobbylobby.com/yarn-needle-art/yarn-tools/yarn/crafter-s-secret-variegated-cotton-yarn/p/93yd2oz109yarn,True,100% Cotton,4 - Medium,multi
f090521a-bfc5-40b4-914d-fec5f88d59a0,Crafter's Secret Variegated Cotton Yarn,Crafter's Secret,150 Desert Gold,138138,214 Holly Jolly,2313443,https://www.hobbylobby.com/yarn-needle-art/yarn-tools/yarn/crafter-s-secret-variegated-cotton-yarn/p/93yd2oz109yarn,True,100% Cotton,4 - Medium,multi
f090521a-bfc5-40b4-914d-fec5f88d59a0,Crafter's Secret Variegated Cotton Yarn,Crafter's Secret,112 Ocean Stripe,138151,214 Holly Jolly,2313443,https://www.hobbylobby.com/yarn-needle-art/yarn-tools/yarn/crafter-s-secret-variegated-cotton-yarn/p/93yd2oz109yarn,True,100% Cotton,4 - Medium,multi
f090521a-bfc5-40b4-914d-fec5f88d59a0,Crafter's Secret Variegated Cotton Yarn,Crafter's Secret,114 Olive Branch,138152,214 Holly Jolly,2313443,https://www.hobbylobby.com/yarn-needle-art/yarn-tools/yarn/crafter-s-secret-variegated-cotton-yarn/p/93yd2oz109yarn,True,100% Cotton,4 - Medium,multi
f090521a-bfc5-40b4-914d-fec5f88d59a0,Crafter's Secret Variegated Cotton Yarn,Crafter's Secret,116 Classic Brown,138153,214 Holly Jolly,2313443,https://www.hobbylobby.com/yarn-needle-art/yarn-tools/yarn/crafter-s-secret-variegated-cotton-yarn/p/93yd2oz109yarn,True,100% Cotton,4 - Medium,multi
f090521a-bfc5-40b4-914d-fec5f88d59a0,Crafter's Secret Variegated Cotton Yarn,Crafter's Secret,122 Hot Spot,138156,214 Holly Jolly,2313443,https://www.hobbylobby.com/yarn-needle-art/yarn-tools/yarn/crafter-s-secret-variegated-cotton-yarn/p/93yd2oz109yarn,True,100% Cotton,4 - Medium,multi
f090521a-bfc5-40b4-914d-fec5f88d59a0,Crafter's Secret Variegated Cotton Yarn,Crafter's Secret,126 Caribbean,138158,214 Holly Jolly,2313443,https://www.hobbylobby.com/yarn-needle-art/yarn-tools/yarn/crafter-s-secret-variegated-cotton-yarn/p/93yd2oz109yarn,True,100% Cotton,4 - Medium,multi
f090521a-bfc5-40b4-914d-fec5f88d59a0,Crafter's Secret Variegated Cotton Yarn,Crafter's Secret,128 Dreamy,138159,214 Holly Jolly,2313443,https://www.hobbylobby.com/yarn-needle-art/yarn-tools/yarn/crafter-s-secret-variegated-cotton-yarn/p/93yd2oz109yarn,True,100% Cotton,4 - Medium,multi
f090521a-bfc5-40b4-914d-fec5f88d59a0,Crafter's Secret Variegated Cotton Yarn,Crafter's Secret,132 City Stripe,138161,214 Holly Jolly,2313443,https://www.hobbylobby.com/yarn-needle-art/yarn-tools/yarn/crafter-s-secret-variegated-cotton-yarn/p/93yd2oz109yarn,True,100% Cotton,4 - Medium,multi
f090521a-bfc5-40b4-914d-fec5f88d59a0,Crafter's Secret Variegated Cotton Yarn,Crafter's Secret,136 Rainbow Bridge,138162,214 Holly Jolly,2313443,https://www.hobbylobby.com/yarn-needle-art/yarn-tools/yarn/crafter-s-secret-variegated-cotton-yarn/p/93yd2oz109yarn,True,100% Cotton,4 - Medium,multi
f090521a-bfc5-40b4-914d-fec5f88d59a0,Crafter's Secret Variegated Cotton Yarn,Crafter's Secret,138 Valentine,138163,214 Holly Jolly,2313443,https://www.hobbylobby.com/yarn-needle-art/yarn-tools/yarn/crafter-s-secret-variegated-cotton-yarn/p/93yd2oz109yarn,True,100% Cotton,4 - Medium,multi
f090521a-bfc5-40b4-914d-fec5f88d59a0,Crafter's Secret Variegated Cotton Yarn,Crafter's Secret,142 Neutrals,138165,214 Holly Jolly,2313443,https://www.hobbylobby.com/yarn-needle-art/yarn-tools/yarn/crafter-s-secret-variegated-cotton-yarn/p/93yd2oz109yarn,True,100% Cotton,4 - Medium,multi
f090521a-bfc5-40b4-914d-fec5f88d59a0,Crafter's Secret Variegated Cotton Yarn,Crafter's Secret,146 Spring,138167,214 Holly Jolly,2313443,https://www.hobbylobby.com/yarn-needle-art/yarn-tools/yarn/crafter-s-secret-variegated-cotton-yarn/p/93yd2oz109yarn,True,100% Cotton,4 - Medium,multi
f090521a-bfc5-40b4-914d-fec5f88d59a0,Crafter's Secret Variegated Cotton Yarn,Crafter's Secret,100 I Love Christmas,34834,214 Holly Jolly,2313443,https://www.hobbylobby.com/yarn-needle-art/yarn-tools/yarn/crafter-s-secret-variegated-cotton-yarn/p/93yd2oz109yarn,True,100% Cotton,4 - Medium,multi
f090521a-bfc5-40b4-914d-fec5f88d59a0,Crafter's Secret Variegated Cotton Yarn,Crafter's Secret,110 Happy Day,37496,214 Holly Jolly,2313443,https://www.hobbylobby.com/yarn-needle-art/yarn-tools/yarn/crafter-s-secret-variegated-cotton-yarn/p/93yd2oz109yarn,True,100% Cotton,4 - Medium,multi
f090521a-bfc5-40b4-914d-fec5f88d59a0,Crafter's Secret Variegated Cotton Yarn,Crafter's Secret,156 Denim,80785192,214 Holly Jolly,2313443,https://www.hobbylobby.com/yarn-needle-art/yarn-tools/yarn/crafter-s-secret-variegated-cotton-yarn/p/93yd2oz109yarn,True,100% Cotton,4 - Medium,multi
f090521a-bfc5-40b4-914d-fec5f88d59a0,Crafter's Secret Variegated Cotton Yarn,Crafter's Secret,158 Spa Blue Stonewashed,80842316,214 Holly Jolly,2313443,https://www.hobbylobby.com/yarn-needle-art/yarn-tools/yarn/crafter-s-secret-variegated-cotton-yarn/p/93yd2oz109yarn,True,100% Cotton,4 - Medium,multi
f090521a-bfc5-40b4-914d-fec5f88d59a0,Crafter's Secret Variegated Cotton Yarn,Crafter's Secret,160 Vintage Green Stonewashed,80842317,214 Holly Jolly,2313443,https://www.hobbylobby.com/yarn-needle-art/yarn-tools/yarn/crafter-s-secret-variegated-cotton-yarn/p/93yd2oz109yarn,True,100% Cotton,4 - Medium,multi
f090521a-bfc5-40b4-914d-fec5f88d59a0,Crafter's Secret Variegated Cotton Yarn,Crafter's Secret,162 Mango Stonewashed,80842318,214 Holly Jolly,2313443,https://www.hobbylobby.com/yarn-needle-art/yarn-tools/yarn/crafter-s-secret-variegated-cotton-yarn/p/93yd2oz109yarn,True,100% Cotton,4 - Medium,multi
f090521a-bfc5-40b4-914d-fec5f88d59a0,Crafter's Secret Variegated Cotton Yarn,Crafter's Secret,166 Extra Sprinkles,80842321,214 Holly Jolly,2313443,https://www.hobbylobby.com/yarn-needle-art/yarn-tools/yarn/crafter-s-secret-variegated-cotton-yarn/p/93yd2oz109yarn,True,100% Cotton,4 - Medium,multi
f090521a-bfc5-40b4-914d-fec5f88d59a0,Crafter's Secret Variegated Cotton Yarn,Crafter's Secret,170 Fondant Fun 2,80891107,214 Holly Jolly,2313443,https://www.hobbylobby.com/yarn-needle-art/yarn-tools/yarn/crafter-s-secret-variegated-cotton-yarn/p/93yd2oz109yarn,True,100% Cotton,4 - Medium,multi
f090521a-bfc5-40b4-914d-fec5f88d59a0,Crafter's Secret Variegated Cotton Yarn,Crafter's Secret,174 Jump For Joy,80891109,214 Holly Jolly,2313443,https://www.hobbylobby.com/yarn-needle-art/yarn-tools/yarn/crafter-s-secret-variegated-cotton-yarn/p/93yd2oz109yarn,True,100% Cotton,4 - Medium,multi
f090521a-bfc5-40b4-914d-fec5f88d59a0,Crafter's Secret Variegated Cotton Yarn,Crafter's Secret,176 Black Ice,80891110,214 Holly Jolly,2313443,https://www.hobbylobby.com/yarn-needle-art/yarn-tools/yarn/crafter-s-secret-variegated-cotton-yarn/p/93yd2oz109yarn,True,100% Cotton,4 - Medium,multi
f090521a-bfc5-40b4-914d-fec5f88d59a0,Crafter's Secret Variegated Cotton Yarn,Crafter's Secret,106 Sun & Shadow,81018375,214 Holly Jolly,2313443,https://www.hobbylobby.com/yarn-needle-art/yarn-tools/yarn/crafter-s-secret-variegated-cotton-yarn/p/93yd2oz109yarn,True,100% Cotton,4 - Medium,multi
f090521a-bfc5-40b4-914d-fec5f88d59a0,Crafter's Secret Variegated Cotton Yarn,Crafter's Secret,208 Nepalese Spices,81138963,214 Holly Jolly,2313443,https://www.hobbylobby.com/yarn-needle-art/yarn-tools/yarn/crafter-s-secret-variegated-cotton-yarn/p/93yd2oz109yarn,True,100% Cotton,4 - Medium,multi
f090521a-bfc5-40b4-914d-fec5f88d59a0,Crafter's Secret Variegated Cotton Yarn,Crafter's Secret,Haute Pink,81138964,214 Holly Jolly,2313443,https://www.hobbylobby.com/yarn-needle-art/yarn-tools/yarn/crafter-s-secret-variegated-cotton-yarn/p/93yd2oz109yarn,True,100% Cotton,4 - Medium,multi
f090521a-bfc5-40b4-914d-fec5f88d59a0,Crafter's Secret Variegated Cotton Yarn,Crafter's Secret,212 Citrine Sheen,81138965,214 Holly Jolly,2313443,https://www.hobbylobby.com/yarn-needle-art/yarn-tools/yarn/crafter-s-secret-variegated-cotton-yarn/p/93yd2oz109yarn,True,100% Cotton,4 - Medium,multi
f090521a-bfc5-40b4-914d-fec5f88d59a0,Crafter's Secret Variegated Cotton Yarn,Crafter's Secret,214 Holly Jolly,81150010,214 Holly Jolly,2313443,https://www.hobbylobby.com/yarn-needle-art/yarn-tools/yarn/crafter-s-secret-variegated-cotton-yarn/p/93yd2oz109yarn,True,100% Cotton,4 - Medium,multi
f090521a-bfc5-40b4-914d-fec5f88d59a0,Crafter's Secret Variegated Cotton Yarn,Crafter's Secret,190 At The Fairgrounds,80999883,214 Holly Jolly,2313443,https://www.hobbylobby.com/yarn-needle-art/yarn-tools/yarn/crafter-s-secret-variegated-cotton-yarn/p/93yd2oz109yarn,True,100% Cotton,4 - Medium,multi
f090521a-bfc5-40b4-914d-fec5f88d59a0,Crafter's Secret Variegated Cotton Yarn,Crafter's Secret,192 Turquoise Rainbow Bridge,80999884,214 Holly Jolly,2313443,https://www.hobbylobby.com/yarn-needle-art/yarn-tools/yarn/crafter-s-secret-variegated-cotton-yarn/p/93yd2oz109yarn,True,100% Cotton,4 - Medium,multi
f090521a-bfc5-40b4-914d-fec5f88d59a0,Crafter's Secret Variegated Cotton Yarn,Crafter's Secret,196 Auburn Clay,80999886,214 Holly Jolly,2313443,https://www.hobbylobby.com/yarn-needle-art/yarn-tools/yarn/crafter-s-secret-variegated-cotton-yarn/p/93yd2oz109yarn,True,100% Cotton,4 - Medium,multi
f090521a-bfc5-40b4-914d-fec5f88d59a0,Crafter's Secret Variegated Cotton Yarn,Crafter's Secret,198 Mello Fellow,81076443,214 Holly Jolly,2313443,https://www.hobbylobby.com/yarn-needle-art/yarn-tools/yarn/crafter-s-secret-variegated-cotton-yarn/p/93yd2oz109yarn,True,100% Cotton,4 - Medium,multi
f090521a-bfc5-40b4-914d-fec5f88d59a0,Crafter's Secret Variegated Cotton Yarn,Crafter's Secret,202 Purple Confetti,81076449,214 Holly Jolly,2313443,https://www.hobbylobby.com/yarn-needle-art/yarn-tools/yarn/crafter-s-secret-variegated-cotton-yarn/p/93yd2oz109yarn,True,100% Cotton,4 - Medium,multi
f090521a-bfc5-40b4-914d-fec5f88d59a0,Crafter's Secret Variegated Cotton Yarn,Crafter's Secret,206 Peppermint Twist,81076451,214 Holly Jolly,2313443,https://www.hobbylobby.com/yarn-needle-art/yarn-tools/yarn/crafter-s-secret-variegated-cotton-yarn/p/93yd2oz109yarn,True,100% Cotton,4 - Medium,multi
599fbbbc-fdce-4ae0-8eb5-294659c3ce75,Baby Bee Soft + Snuggly Yarn,Baby Bee,01 Later Gator,81141581,11 Stormswept,2430056,https://www.hobbylobby.com/yarn-needle-art/yarn-tools/yarn/baby-bee-soft-snuggly-yarn/p/sfsn23,True,100% Polyester,4 - Medium,blue
599fbbbc-fdce-4ae0-8eb5-294659c3ce75,Baby Bee Soft + Snuggly Yarn,Baby Bee,03 Lavender Alight,81141584,11 Stormswept,2430056,https://www.hobbylobby.com/yarn-needle-art/yarn-tools/yarn/baby-bee-soft-snuggly-yarn/p/sfsn23,True,100% Polyester,4 - Medium,blue
599fbbbc-fdce-4ae0-8eb5-294659c3ce75,Baby Bee Soft + Snuggly Yarn,Baby Bee,05 Raincoat Season,81141586,11 Stormswept,2430056,https://www.hobbylobby.com/yarn-needle-art/yarn-tools/yarn/baby-bee-soft-snuggly-yarn/p/sfsn23,True,100% Polyester,4 - Medium,blue
599fbbbc-fdce-4ae0-8eb5-294659c3ce75,Baby Bee Soft + Snuggly Yarn,Baby Bee,06 Flaminglow,81141587,11 Stormswept,2430056,https://www.hobbylobby.com/yarn-needle-art/yarn-tools/yarn/baby-bee-soft-snuggly-yarn/p/sfsn23,True,100% Polyester,4 - Medium,blue
599fbbbc-fdce-4ae0-8eb5-294659c3ce75,Baby Bee Soft + Snuggly Yarn,Baby Bee,07 Clover Brook,81186562,11 Stormswept,2430056,https://www.hobbylobby.com/yarn-needle-art/yarn-tools/yarn/baby-bee-soft-snuggly-yarn/p/sfsn23,True,100% Polyester,4 - Medium,blue
599fbbbc-fdce-4ae0-8eb5-294659c3ce75,Baby Bee Soft + Snuggly Yarn,Baby Bee,09 Rainbow Bloom,81186566,11 Stormswept,2430056,https://www.hobbylobby.com/yarn-needle-art/yarn-tools/yarn/baby-bee-soft-snuggly-yarn/p/sfsn23,True,100% Polyester,4 - Medium,blue
599fbbbc-fdce-4ae0-8eb5-294659c3ce75,Baby Bee Soft + Snuggly Yarn,Baby Bee,10 Splish Splash,81186567,11 Stormswept,2430056,https://www.hobbylobby.com/yarn-needle-art/yarn-tools/yarn/baby-bee-soft-snuggly-yarn/p/sfsn23,True,100% Polyester,4 - Medium,blue
599fbbbc-fdce-4ae0-8eb5-294659c3ce75,Baby Bee Soft + Snuggly Yarn,Baby Bee,11 Stormswept,81186568,11 Stormswept,2430056,https://www.hobbylobby.com/yarn-needle-art/yarn-tools/yarn/baby-bee-soft-snuggly-yarn/p/sfsn23,True,100% Polyester,4 - Medium,blue
599fbbbc-fdce-4ae0-8eb5-294659c3ce75,Baby Bee Soft + Snuggly Yarn,Baby Bee,12 Hug A Tree,81186572,11 Stormswept,2430056,https://www.hobbylobby.com/yarn-needle-art/yarn-tools/yarn/baby-bee-soft-snuggly-yarn/p/sfsn23,True,100% Polyester,4 - Medium,blue
b8875aaf-48b3-4f87-a6b8-eabf21d733f3,Print I Love This Yarn,I Love this Yarn,422 Oasis Beat,141255,884 Sage Advice,1981554,https://www.hobbylobby.com/yarn-needle-art/yarn-tools/yarn/print-i-love-this-yarn/p/py53495,True,100% Acrylic,4 - Medium,green
b8875aaf-48b3-4f87-a6b8-eabf21d733f3,Print I Love This Yarn,I Love this Yarn,434 Orange Burst,155157,884 Sage Advice,1981554,https://www.hobbylobby.com/yarn-needle-art/yarn-tools/yarn/print-i-love-this-yarn/p/py53495,True,100% Acrylic,4 - Medium,green
b8875aaf-48b3-4f87-a6b8-eabf21d733f3,Print I Love This Yarn,I Love this Yarn,520 Naturals Stripe,35892,884 Sage Advice,1981554,https://www.hobbylobby.com/yarn-needle-art/yarn-tools/yarn/print-i-love-this-yarn/p/py53495,True,100% Acrylic,4 - Medium,green
b8875aaf-48b3-4f87-a6b8-eabf21d733f3,Print I Love This Yarn,I Love this Yarn,530 Green Camo Stripe,35893,884 Sage Advice,1981554,https://www.hobbylobby.com/yarn-needle-art/yarn-tools/yarn/print-i-love-this-yarn/p/py53495,True,100% Acrylic,4 - Medium,green
b8875aaf-48b3-4f87-a6b8-eabf21d733f3,Print I Love This Yarn,I Love this Yarn,550 Autumn Stripe,35894,884 Sage Advice,1981554,https://www.hobbylobby.com/yarn-needle-art/yarn-tools/yarn/print-i-love-this-yarn/p/py53495,True,100% Acrylic,4 - Medium,green
b8875aaf-48b3-4f87-a6b8-eabf21d733f3,Print I Love This Yarn,I Love this Yarn,510 Blue Camo Stripe,35903,884 Sage Advice,1981554,https://www.hobbylobby.com/yarn-needle-art/yarn-tools/yarn/print-i-love-this-yarn/p/py53495,True,100% Acrylic,4 - Medium,green
b8875aaf-48b3-4f87-a6b8-eabf21d733f3,Print I Love This Yarn,I Love this Yarn,428 Plums,35951,884 Sage Advice,1981554,https://www.hobbylobby.com/yarn-needle-art/yarn-tools/yarn/print-i-love-this-yarn/p/py53495,True,100% Acrylic,4 - Medium,green
b8875aaf-48b3-4f87-a6b8-eabf21d733f3,Print I Love This Yarn,I Love this Yarn,416 Sunset,36495,884 Sage Advice,1981554,https://www.hobbylobby.com/yarn-needle-art/yarn-tools/yarn/print-i-love-this-yarn/p/py53495,True,100% Acrylic,4 - Medium,green
b8875aaf-48b3-4f87-a6b8-eabf21d733f3,Print I Love This Yarn,I Love this Yarn,418 Sand Dunes,36525,884 Sage Advice,1981554,https://www.hobbylobby.com/yarn-needle-art/yarn-tools/yarn/print-i-love-this-yarn/p/py53495,True,100% Acrylic,4 - Medium,green
b8875aaf-48b3-4f87-a6b8-eabf21d733f3,Print I Love This Yarn,I Love this Yarn,806 Agean Stripe,36530,884 Sage Advice,1981554,https://www.hobbylobby.com/yarn-needle-art/yarn-tools/yarn/print-i-love-this-yarn/p/py53495,True,100% Acrylic,4 - Medium,green
b8875aaf-48b3-4f87-a6b8-eabf21d733f3,Print I Love This Yarn,I Love this Yarn,804 Surprise Stripes,36563,884 Sage Advice,1981554,https://www.hobbylobby.com/yarn-needle-art/yarn-tools/yarn/print-i-love-this-yarn/p/py53495,True,100% Acrylic,4 - Medium,green
b8875aaf-48b3-4f87-a6b8-eabf21d733f3,Print I Love This Yarn,I Love this Yarn,589 Jazzed Stripe,36669,884 Sage Advice,1981554,https://www.hobbylobby.com/yarn-needle-art/yarn-tools/yarn/print-i-love-this-yarn/p/py53495,True,100% Acrylic,4 - Medium,green
b8875aaf-48b3-4f87-a6b8-eabf21d733f3,Print I Love This Yarn,I Love this Yarn,581 Spun Sugar Stripe,36983,884 Sage Advice,1981554,https://www.hobbylobby.com/yarn-needle-art/yarn-tools/yarn/print-i-love-this-yarn/p/py53495,True,100% Acrylic,4 - Medium,green
b8875aaf-48b3-4f87-a6b8-eabf21d733f3,Print I Love This Yarn,I Love this Yarn,591 Songbird Stripe,36986,884 Sage Advice,1981554,https://www.hobbylobby.com/yarn-needle-art/yarn-tools/yarn/print-i-love-this-yarn/p/py53495,True,100% Acrylic,4 - Medium,green
b8875aaf-48b3-4f87-a6b8-eabf21d733f3,Print I Love This Yarn,I Love this Yarn,406 Dakota,43444,884 Sage Advice,1981554,https://www.hobbylobby.com/yarn-needle-art/yarn-tools/yarn/print-i-love-this-yarn/p/py53495,True,100% Acrylic,4 - Medium,green
b8875aaf-48b3-4f87-a6b8-eabf21d733f3,Print I Love This Yarn,I Love this Yarn,512 Kaleidoscope,43464,884 Sage Advice,1981554,https://www.hobbylobby.com/yarn-needle-art/yarn-tools/yarn/print-i-love-this-yarn/p/py53495,True,100% Acrylic,4 - Medium,green
b8875aaf-48b3-4f87-a6b8-eabf21d733f3,Print I Love This Yarn,I Love this Yarn,432 City Beat,4617,884 Sage Advice,1981554,https://www.hobbylobby.com/yarn-needle-art/yarn-tools/yarn/print-i-love-this-yarn/p/py53495,True,100% Acrylic,4 - Medium,green
b8875aaf-48b3-4f87-a6b8-eabf21d733f3,Print I Love This Yarn,I Love this Yarn,430 Herb Garden,46604,884 Sage Advice,1981554,https://www.hobbylobby.com/yarn-needle-art/yarn-tools/yarn/print-i-love-this-yarn/p/py53495,True,100% Acrylic,4 - Medium,green
b8875aaf-48b3-4f87-a6b8-eabf21d733f3,Print I Love This Yarn,I Love this Yarn,436 Blue Green Multi,66369,884 Sage Advice,1981554,https://www.hobbylobby.com/yarn-needle-art/yarn-tools/yarn/print-i-love-this-yarn/p/py53495,True,100% Acrylic,4 - Medium,green
b8875aaf-48b3-4f87-a6b8-eabf21d733f3,Print I Love This Yarn,I Love this Yarn,442 Paint Party,67931,884 Sage Advice,1981554,https://www.hobbylobby.com/yarn-needle-art/yarn-tools/yarn/print-i-love-this-yarn/p/py53495,True,100% Acrylic,4 - Medium,green
b8875aaf-48b3-4f87-a6b8-eabf21d733f3,Print I Love This Yarn,I Love this Yarn,700 Gray & Black,80784829,884 Sage Advice,1981554,https://www.hobbylobby.com/yarn-needle-art/yarn-tools/yarn/print-i-love-this-yarn/p/py53495,True,100% Acrylic,4 - Medium,green
b8875aaf-48b3-4f87-a6b8-eabf21d733f3,Print I Love This Yarn,I Love this Yarn,701 Aqua & Black,80784833,884 Sage Advice,1981554,https://www.hobbylobby.com/yarn-needle-art/yarn-tools/yarn/print-i-love-this-yarn/p/py53495,True,100% Acrylic,4 - Medium,green
b8875aaf-48b3-4f87-a6b8-eabf21d733f3,Print I Love This Yarn,I Love this Yarn,702 Painted Canyon,80784835,884 Sage Advice,1981554,https://www.hobbylobby.com/yarn-needle-art/yarn-tools/yarn/print-i-love-this-yarn/p/py53495,True,100% Acrylic,4 - Medium,green
b8875aaf-48b3-4f87-a6b8-eabf21d733f3,Print I Love This Yarn,I Love this Yarn,444 Fruit Salad,80844437,884 Sage Advice,1981554,https://www.hobbylobby.com/yarn-needle-art/yarn-tools/yarn/print-i-love-this-yarn/p/py53495,True,100% Acrylic,4 - Medium,green
b8875aaf-48b3-4f87-a6b8-eabf21d733f3,Print I Love This Yarn,I Love this Yarn,448 Sea Muse,80844440,884 Sage Advice,1981554,https://www.hobbylobby.com/yarn-needle-art/yarn-tools/yarn/print-i-love-this-yarn/p/py53495,True,100% Acrylic,4 - Medium,green
b8875aaf-48b3-4f87-a6b8-eabf21d733f3,Print I Love This Yarn,I Love this Yarn,450 Blossomopolis,80844441,884 Sage Advice,1981554,https://www.hobbylobby.com/yarn-needle-art/yarn-tools/yarn/print-i-love-this-yarn/p/py53495,True,100% Acrylic,4 - Medium,green
b8875aaf-48b3-4f87-a6b8-eabf21d733f3,Print I Love This Yarn,I Love this Yarn,708 Strawberry Jam,80844442,884 Sage Advice,1981554,https://www.hobbylobby.com/yarn-needle-art/yarn-tools/yarn/print-i-love-this-yarn/p/py53495,True,100% Acrylic,4 - Medium,green
b8875aaf-48b3-4f87-a6b8-eabf21d733f3,Print I Love This Yarn,I Love this Yarn,710 Moody Mosaic,80844444,884 Sage Advice,1981554,https://www.hobbylobby.com/yarn-needle-art/yarn-tools/yarn/print-i-love-this-yarn/p/py53495,True,100% Acrylic,4 - Medium,green
b8875aaf-48b3-4f87-a6b8-eabf21d733f3,Print I Love This Yarn,I Love this Yarn,452 Smokey Water,80844446,884 Sage Advice,1981554,https://www.hobbylobby.com/yarn-needle-art/yarn-tools/yarn/print-i-love-this-yarn/p/py53495,True,100% Acrylic,4 - Medium,green
b8875aaf-48b3-4f87-a6b8-eabf21d733f3,Print I Love This Yarn,I Love this Yarn,454 Nevada Dusk,80844447,884 Sage Advice,1981554,https://www.hobbylobby.com/yarn-needle-art/yarn-tools/yarn/print-i-love-this-yarn/p/py53495,True,100% Acrylic,4 - Medium,green
b8875aaf-48b3-4f87-a6b8-eabf21d733f3,Print I Love This Yarn,I Love this Yarn,456 Poolside Siesta,80844448,884 Sage Advice,1981554,https://www.hobbylobby.com/yarn-needle-art/yarn-tools/yarn/print-i-love-this-yarn/p/py53495,True,100% Acrylic,4 - Medium,green
b8875aaf-48b3-4f87-a6b8-eabf21d733f3,Print I Love This Yarn,I Love this Yarn,820 Tin Roof,80844459,884 Sage Advice,1981554,https://www.hobbylobby.com/yarn-needle-art/yarn-tools/yarn/print-i-love-this-yarn/p/py53495,True,100% Acrylic,4 - Medium,green
b8875aaf-48b3-4f87-a6b8-eabf21d733f3,Print I Love This Yarn,I Love this Yarn,822 Red Tweed,80844461,884 Sage Advice,1981554,https://www.hobbylobby.com/yarn-needle-art/yarn-tools/yarn/print-i-love-this-yarn/p/py53495,True,100% Acrylic,4 - Medium,green
b8875aaf-48b3-4f87-a6b8-eabf21d733f3,Print I Love This Yarn,I Love this Yarn,842 Deep Sea Diving,80844466,884 Sage Advice,1981554,https://www.hobbylobby.com/yarn-needle-art/yarn-tools/yarn/print-i-love-this-yarn/p/py53495,True,100% Acrylic,4 - Medium,green
b8875aaf-48b3-4f87-a6b8-eabf21d733f3,Print I Love This Yarn,I Love this Yarn,844 Bloomtique,80880667,884 Sage Advice,1981554,https://www.hobbylobby.com/yarn-needle-art/yarn-tools/yarn/print-i-love-this-yarn/p/py53495,True,100% Acrylic,4 - Medium,green
b8875aaf-48b3-4f87-a6b8-eabf21d733f3,Print I Love This Yarn,I Love this Yarn,852 Orange Zest,80880671,884 Sage Advice,1981554,https://www.hobbylobby.com/yarn-needle-art/yarn-tools/yarn/print-i-love-this-yarn/p/py53495,True,100% Acrylic,4 - Medium,green
b8875aaf-48b3-4f87-a6b8-eabf21d733f3,Print I Love This Yarn,I Love this Yarn,854 Lollipop Love,80880672,884 Sage Advice,1981554,https://www.hobbylobby.com/yarn-needle-art/yarn-tools/yarn/print-i-love-this-yarn/p/py53495,True,100% Acrylic,4 - Medium,green
b8875aaf-48b3-4f87-a6b8-eabf21d733f3,Print I Love This Yarn,I Love this Yarn,858 Beret Day,80880674,884 Sage Advice,1981554,https://www.hobbylobby.com/yarn-needle-art/yarn-tools/yarn/print-i-love-this-yarn/p/py53495,True,100% Acrylic,4 - Medium,green
b8875aaf-48b3-4f87-a6b8-eabf21d733f3,Print I Love This Yarn,I Love this Yarn,714 Marled Denim,80880677,884 Sage Advice,1981554,https://www.hobbylobby.com/yarn-needle-art/yarn-tools/yarn/print-i-love-this-yarn/p/py53495,True,100% Acrylic,4 - Medium,green
b8875aaf-48b3-4f87-a6b8-eabf21d733f3,Print I Love This Yarn,I Love this Yarn,716 Black Marble,80880678,884 Sage Advice,1981554,https://www.hobbylobby.com/yarn-needle-art/yarn-tools/yarn/print-i-love-this-yarn/p/py53495,True,100% Acrylic,4 - Medium,green
b8875aaf-48b3-4f87-a6b8-eabf21d733f3,Print I Love This Yarn,I Love this Yarn,746 Birchwood Cottage,80880687,884 Sage Advice,1981554,https://www.hobbylobby.com/yarn-needle-art/yarn-tools/yarn/print-i-love-this-yarn/p/py53495,True,100% Acrylic,4 - Medium,green
b8875aaf-48b3-4f87-a6b8-eabf21d733f3,Print I Love This Yarn,I Love this Yarn,750 Float Along,80880689,884 Sage Advice,1981554,https://www.hobbylobby.com/yarn-needle-art/yarn-tools/yarn/print-i-love-this-yarn/p/py53495,True,100% Acrylic,4 - Medium,green
b8875aaf-48b3-4f87-a6b8-eabf21d733f3,Print I Love This Yarn,I Love this Yarn,754 Candystick Stash,80880692,884 Sage Advice,1981554,https://www.hobbylobby.com/yarn-needle-art/yarn-tools/yarn/print-i-love-this-yarn/p/py53495,True,100% Acrylic,4 - Medium,green
b8875aaf-48b3-4f87-a6b8-eabf21d733f3,Print I Love This Yarn,I Love this Yarn,462 Be Still,80880693,884 Sage Advice,1981554,https://www.hobbylobby.com/yarn-needle-art/yarn-tools/yarn/print-i-love-this-yarn/p/py53495,True,100% Acrylic,4 - Medium,green
b8875aaf-48b3-4f87-a6b8-eabf21d733f3,Print I Love This Yarn,I Love this Yarn,464 Crushed Raspberry,80880695,884 Sage Advice,1981554,https://www.hobbylobby.com/yarn-needle-art/yarn-tools/yarn/print-i-love-this-yarn/p/py53495,True,100% Acrylic,4 - Medium,green
b8875aaf-48b3-4f87-a6b8-eabf21d733f3,Print I Love This Yarn,I Love this Yarn,466 Drizzle Me This,80880696,884 Sage Advice,1981554,https://www.hobbylobby.com/yarn-needle-art/yarn-tools/yarn/print-i-love-this-yarn/p/py53495,True,100% Acrylic,4 - Medium,green
b8875aaf-48b3-4f87-a6b8-eabf21d733f3,Print I Love This Yarn,I Love this Yarn,866 Suede Shoes,80896106,884 Sage Advice,1981554,https://www.hobbylobby.com/yarn-needle-art/yarn-tools/yarn/print-i-love-this-yarn/p/py53495,True,100% Acrylic,4 - Medium,green
b8875aaf-48b3-4f87-a6b8-eabf21d733f3,Print I Love This Yarn,I Love this Yarn,870 After-Dinner Laughs,80896108,884 Sage Advice,1981554,https://www.hobbylobby.com/yarn-needle-art/yarn-tools/yarn/print-i-love-this-yarn/p/py53495,True,100% Acrylic,4 - Medium,green
b8875aaf-48b3-4f87-a6b8-eabf21d733f3,Print I Love This Yarn,I Love this Yarn,872 Japan Fields,80896109,884 Sage Advice,1981554,https://www.hobbylobby.com/yarn-needle-art/yarn-tools/yarn/print-i-love-this-yarn/p/py53495,True,100% Acrylic,4 - Medium,green
b8875aaf-48b3-4f87-a6b8-eabf21d733f3,Print I Love This Yarn,I Love this Yarn,874 Nova Scotian Sky,80896110,884 Sage Advice,1981554,https://www.hobbylobby.com/yarn-needle-art/yarn-tools/yarn/print-i-love-this-yarn/p/py53495,True,100% Acrylic,4 - Medium,green
b8875aaf-48b3-4f87-a6b8-eabf21d733f3,Print I Love This Yarn,I Love this Yarn,468 Night Blue,80896118,884 Sage Advice,1981554,https://www.hobbylobby.com/yarn-needle-art/yarn-tools/yarn/print-i-love-this-yarn/p/py53495,True,100% Acrylic,4 - Medium,green
b8875aaf-48b3-4f87-a6b8-eabf21d733f3,Print I Love This Yarn,I Love this Yarn,474 Dappled Wheat,80896122,884 Sage Advice,1981554,https://www.hobbylobby.com/yarn-needle-art/yarn-tools/yarn/print-i-love-this-yarn/p/py53495,True,100% Acrylic,4 - Medium,green
b8875aaf-48b3-4f87-a6b8-eabf21d733f3,Print I Love This Yarn,I Love this Yarn,482 Flapper Girl,80896128,884 Sage Advice,1981554,https://www.hobbylobby.com/yarn-needle-art/yarn-tools/yarn/print-i-love-this-yarn/p/py53495,True,100% Acrylic,4 - Medium,green
b8875aaf-48b3-4f87-a6b8-eabf21d733f3,Print I Love This Yarn,I Love this Yarn,484 Day Dreamery,80896130,884 Sage Advice,1981554,https://www.hobbylobby.com/yarn-needle-art/yarn-tools/yarn/print-i-love-this-yarn/p/py53495,True,100% Acrylic,4 - Medium,green
b8875aaf-48b3-4f87-a6b8-eabf21d733f3,Print I Love This Yarn,I Love this Yarn,486 Parcel & Bow,80896133,884 Sage Advice,1981554,https://www.hobbylobby.com/yarn-needle-art/yarn-tools/yarn/print-i-love-this-yarn/p/py53495,True,100% Acrylic,4 - Medium,green
b8875aaf-48b3-4f87-a6b8-eabf21d733f3,Print I Love This Yarn,I Love this Yarn,492 Brighton Road,80896134,884 Sage Advice,1981554,https://www.hobbylobby.com/yarn-needle-art/yarn-tools/yarn/print-i-love-this-yarn/p/py53495,True,100% Acrylic,4 - Medium,green
b8875aaf-48b3-4f87-a6b8-eabf21d733f3,Print I Love This Yarn,I Love this Yarn,494 Instant Class,80896136,884 Sage Advice,1981554,https://www.hobbylobby.com/yarn-needle-art/yarn-tools/yarn/print-i-love-this-yarn/p/py53495,True,100% Acrylic,4 - Medium,green
b8875aaf-48b3-4f87-a6b8-eabf21d733f3,Print I Love This Yarn,I Love this Yarn,488 Mint Tea,80905713,884 Sage Advice,1981554,https://www.hobbylobby.com/yarn-needle-art/yarn-tools/yarn/print-i-love-this-yarn/p/py53495,True,100% Acrylic,4 - Medium,green
b8875aaf-48b3-4f87-a6b8-eabf21d733f3,Print I Love This Yarn,I Love this Yarn,490 Spring Green,80905714,884 Sage Advice,1981554,https://www.hobbylobby.com/yarn-needle-art/yarn-tools/yarn/print-i-love-this-yarn/p/py53495,True,100% Acrylic,4 - Medium,green
b8875aaf-48b3-4f87-a6b8-eabf21d733f3,Print I Love This Yarn,I Love this Yarn,604 Nocturnal,80953368,884 Sage Advice,1981554,https://www.hobbylobby.com/yarn-needle-art/yarn-tools/yarn/print-i-love-this-yarn/p/py53495,True,100% Acrylic,4 - Medium,green
b8875aaf-48b3-4f87-a6b8-eabf21d733f3,Print I Love This Yarn,I Love this Yarn,608 Scarlet Rose,80953370,884 Sage Advice,1981554,https://www.hobbylobby.com/yarn-needle-art/yarn-tools/yarn/print-i-love-this-yarn/p/py53495,True,100% Acrylic,4 - Medium,green
b8875aaf-48b3-4f87-a6b8-eabf21d733f3,Print I Love This Yarn,I Love this Yarn,610 Desert Dust,80953376,884 Sage Advice,1981554,https://www.hobbylobby.com/yarn-needle-art/yarn-tools/yarn/print-i-love-this-yarn/p/py53495,True,100% Acrylic,4 - Medium,green
b8875aaf-48b3-4f87-a6b8-eabf21d733f3,Print I Love This Yarn,I Love this Yarn,875 Royal Gorge,80997474,884 Sage Advice,1981554,https://www.hobbylobby.com/yarn-needle-art/yarn-tools/yarn/print-i-love-this-yarn/p/py53495,True,100% Acrylic,4 - Medium,green
b8875aaf-48b3-4f87-a6b8-eabf21d733f3,Print I Love This Yarn,I Love this Yarn,877 Fuzzy Slipper,80997476,884 Sage Advice,1981554,https://www.hobbylobby.com/yarn-needle-art/yarn-tools/yarn/print-i-love-this-yarn/p/py53495,True,100% Acrylic,4 - Medium,green
b8875aaf-48b3-4f87-a6b8-eabf21d733f3,Print I Love This Yarn,I Love this Yarn,879 Cinnamon Cedar,80997478,884 Sage Advice,1981554,https://www.hobbylobby.com/yarn-needle-art/yarn-tools/yarn/print-i-love-this-yarn/p/py53495,True,100% Acrylic,4 - Medium,green
b8875aaf-48b3-4f87-a6b8-eabf21d733f3,Print I Love This Yarn,I Love this Yarn,880 Surf's Up,80997479,884 Sage Advice,1981554,https://www.hobbylobby.com/yarn-needle-art/yarn-tools/yarn/print-i-love-this-yarn/p/py53495,True,100% Acrylic,4 - Medium,green
b8875aaf-48b3-4f87-a6b8-eabf21d733f3,Print I Love This Yarn,I Love this Yarn,884 Sage Advice,80997484,884 Sage Advice,1981554,https://www.hobbylobby.com/yarn-needle-art/yarn-tools/yarn/print-i-love-this-yarn/p/py53495,True,100% Acrylic,4 - Medium,green
b8875aaf-48b3-4f87-a6b8-eabf21d733f3,Print I Love This Yarn,I Love this Yarn,885 Blueberry Bucket,80997485,884 Sage Advice,1981554,https://www.hobbylobby.com/yarn-needle-art/yarn-tools/yarn/print-i-love-this-yarn/p/py53495,True,100% Acrylic,4 - Medium,green
b8875aaf-48b3-4f87-a6b8-eabf21d733f3,Print I Love This Yarn,I Love this Yarn,887 Prima Ballerina,80997488,884 Sage Advice,1981554,https://www.hobbylobby.com/yarn-needle-art/yarn-tools/yarn/print-i-love-this-yarn/p/py53495,True,100% Acrylic,4 - Medium,green
b8875aaf-48b3-4f87-a6b8-eabf21d733f3,Print I Love This Yarn,I Love this Yarn,889 Mahogany Singe,80997491,884 Sage Advice,1981554,https://www.hobbylobby.com/yarn-needle-art/yarn-tools/yarn/print-i-love-this-yarn/p/py53495,True,100% Acrylic,4 - Medium,green
b8875aaf-48b3-4f87-a6b8-eabf21d733f3,Print I Love This Yarn,I Love this Yarn,890 Amber Honey,81040491,884 Sage Advice,1981554,https://www.hobbylobby.com/yarn-needle-art/yarn-tools/yarn/print-i-love-this-yarn/p/py53495,True,100% Acrylic,4 - Medium,green
b8875aaf-48b3-4f87-a6b8-eabf21d733f3,Print I Love This Yarn,I Love this Yarn,825 Cobblestone Ivy,81083342,884 Sage Advice,1981554,https://www.hobbylobby.com/yarn-needle-art/yarn-tools/yarn/print-i-love-this-yarn/p/py53495,True,100% Acrylic,4 - Medium,green
b8875aaf-48b3-4f87-a6b8-eabf21d733f3,Print I Love This Yarn,I Love this Yarn,826 Beach Ballad,81083346,884 Sage Advice,1981554,https://www.hobbylobby.com/yarn-needle-art/yarn-tools/yarn/print-i-love-this-yarn/p/py53495,True,100% Acrylic,4 - Medium,green
b8875aaf-48b3-4f87-a6b8-eabf21d733f3,Print I Love This Yarn,I Love this Yarn,827 Lakefront,81083347,884 Sage Advice,1981554,https://www.hobbylobby.com/yarn-needle-art/yarn-tools/yarn/print-i-love-this-yarn/p/py53495,True,100% Acrylic,4 - Medium,green
b8875aaf-48b3-4f87-a6b8-eabf21d733f3,Print I Love This Yarn,I Love this Yarn,828 Argentine,81083349,884 Sage Advice,1981554,https://www.hobbylobby.com/yarn-needle-art/yarn-tools/yarn/print-i-love-this-yarn/p/py53495,True,100% Acrylic,4 - Medium,green
b8875aaf-48b3-4f87-a6b8-eabf21d733f3,Print I Love This Yarn,I Love this Yarn,829 Emerald Pine,81087773,884 Sage Advice,1981554,https://www.hobbylobby.com/yarn-needle-art/yarn-tools/yarn/print-i-love-this-yarn/p/py53495,True,100% Acrylic,4 - Medium,green
b8875aaf-48b3-4f87-a6b8-eabf21d733f3,Print I Love This Yarn,I Love this Yarn,830 Fireworks,81087777,884 Sage Advice,1981554,https://www.hobbylobby.com/yarn-needle-art/yarn-tools/yarn/print-i-love-this-yarn/p/py53495,True,100% Acrylic,4 - Medium,green
b8875aaf-48b3-4f87-a6b8-eabf21d733f3,Print I Love This Yarn,I Love this Yarn,831 Brushstroke,81087779,884 Sage Advice,1981554,https://www.hobbylobby.com/yarn-needle-art/yarn-tools/yarn/print-i-love-this-yarn/p/py53495,True,100% Acrylic,4 - Medium,green
b8875aaf-48b3-4f87-a6b8-eabf21d733f3,Print I Love This Yarn,I Love this Yarn,832 River Ripple,81087782,884 Sage Advice,1981554,https://www.hobbylobby.com/yarn-needle-art/yarn-tools/yarn/print-i-love-this-yarn/p/py53495,True,100% Acrylic,4 - Medium,green
b8875aaf-48b3-4f87-a6b8-eabf21d733f3,Print I Love This Yarn,I Love this Yarn,957 Dark Neons,96090,884 Sage Advice,1981554,https://www.hobbylobby.com/yarn-needle-art/yarn-tools/yarn/print-i-love-this-yarn/p/py53495,True,100% Acrylic,4 - Medium,green
cd4a5499-bb2b-4616-8505-9e8d93caf5bc,Tweed I Love This Yarn,I Love this Yarn,9001 Navy Tweed,36494,2006 Sweet Dijon,2095099,https://www.hobbylobby.com/yarn-needle-art/yarn-tools/yarn/tweed-i-love-this-yarn/p/ty201889,True,97% Acrylic & 3% Viscose,4 - Medium,yellow
cd4a5499-bb2b-4616-8505-9e8d93caf5bc,Tweed I Love This Yarn,I Love this Yarn,2001 Ivory Tweed,36496,2006 Sweet Dijon,2095099,https://www.hobbylobby.com/yarn-needle-art/yarn-tools/yarn/tweed-i-love-this-yarn/p/ty201889,True,97% Acrylic & 3% Viscose,4 - Medium,yellow
cd4a5499-bb2b-4616-8505-9e8d93caf5bc,Tweed I Love This Yarn,I Love this Yarn,1002 Pastels Tweed,36571,2006 Sweet Dijon,2095099,https://www.hobbylobby.com/yarn-needle-art/yarn-tools/yarn/tweed-i-love-this-yarn/p/ty201889,True,97% Acrylic & 3% Viscose,4 - Medium,yellow
cd4a5499-bb2b-4616-8505-9e8d93caf5bc,Tweed I Love This Yarn,I Love this Yarn,2006 Sweet Dijon,81040490,2006 Sweet Dijon,2095099,https://www.hobbylobby.com/yarn-needle-art/yarn-tools/yarn/tweed-i-love-this-yarn/p/ty201889,True,97% Acrylic & 3% Viscose,4 - Medium,yellow
a8efa3a6-8388-43bd-acf4-69c3c7ee5d78,Crafter's Secret Big Idea Yarn,Crafter's Secret,49 Orange,80880539,260 Light Sage,2196608,https://www.hobbylobby.com/yarn-needle-art/yarn-tools/yarn/crafter-s-secret-big-idea-yarn/p/bi78309,True,100% Acrylic,4 - Medium,green
a8efa3a6-8388-43bd-acf4-69c3c7ee5d78,Crafter's Secret Big Idea Yarn,Crafter's Secret,15 Passport,80880540,260 Light Sage,2196608,https://www.hobbylobby.com/yarn-needle-art/yarn-tools/yarn/crafter-s-secret-big-idea-yarn/p/bi78309,True,100% Acrylic,4 - Medium,green
a8efa3a6-8388-43bd-acf4-69c3c7ee5d78,Crafter's Secret Big Idea Yarn,Crafter's Secret,1 White,80880543,260 Light Sage,2196608,https://www.hobbylobby.com/yarn-needle-art/yarn-tools/yarn/crafter-s-secret-big-idea-yarn/p/bi78309,True,100% Acrylic,4 - Medium,green
a8efa3a6-8388-43bd-acf4-69c3c7ee5d78,Crafter's Secret Big Idea Yarn,Crafter's Secret,5 Magnolia Way,80880544,260 Light Sage,2196608,https://www.hobbylobby.com/yarn-needle-art/yarn-tools/yarn/crafter-s-secret-big-idea-yarn/p/bi78309,True,100% Acrylic,4 - Medium,green
a8efa3a6-8388-43bd-acf4-69c3c7ee5d78,Crafter's Secret Big Idea Yarn,Crafter's Secret,9 Brown,80880545,260 Light Sage,2196608,https://www.hobbylobby.com/yarn-needle-art/yarn-tools/yarn/crafter-s-secret-big-idea-yarn/p/bi78309,True,100% Acrylic,4 - Medium,green
a8efa3a6-8388-43bd-acf4-69c3c7ee5d78,Crafter's Secret Big Idea Yarn,Crafter's Secret,27 Yellow,80880546,260 Light Sage,2196608,https://www.hobbylobby.com/yarn-needle-art/yarn-tools/yarn/crafter-s-secret-big-idea-yarn/p/bi78309,True,100% Acrylic,4 - Medium,green
a8efa3a6-8388-43bd-acf4-69c3c7ee5d78,Crafter's Secret Big Idea Yarn,Crafter's Secret,35 Purple,80990629,260 Light Sage,2196608,https://www.hobbylobby.com/yarn-needle-art/yarn-tools/yarn/crafter-s-secret-big-idea-yarn/p/bi78309,True,100% Acrylic,4 - Medium,green
a8efa3a6-8388-43bd-acf4-69c3c7ee5d78,Crafter's Secret Big Idea Yarn,Crafter's Secret,55 Graybeard,80990634,260 Light Sage,2196608,https://www.hobbylobby.com/yarn-needle-art/yarn-tools/yarn/crafter-s-secret-big-idea-yarn/p/bi78309,True,100% Acrylic,4 - Medium,green
a8efa3a6-8388-43bd-acf4-69c3c7ee5d78,Crafter's Secret Big Idea Yarn,Crafter's Secret,31 I'm Jealous!,80990636,260 Light Sage,2196608,https://www.hobbylobby.com/yarn-needle-art/yarn-tools/yarn/crafter-s-secret-big-idea-yarn/p/bi78309,True,100% Acrylic,4 - Medium,green
a8efa3a6-8388-43bd-acf4-69c3c7ee5d78,Crafter's Secret Big Idea Yarn,Crafter's Secret,29 Lime Green,80990638,260 Light Sage,2196608,https://www.hobbylobby.com/yarn-needle-art/yarn-tools/yarn/crafter-s-secret-big-idea-yarn/p/bi78309,True,100% Acrylic,4 - Medium,green
a8efa3a6-8388-43bd-acf4-69c3c7ee5d78,Crafter's Secret Big Idea Yarn,Crafter's Secret,45 Fabulous!,80990640,260 Light Sage,2196608,https://www.hobbylobby.com/yarn-needle-art/yarn-tools/yarn/crafter-s-secret-big-idea-yarn/p/bi78309,True,100% Acrylic,4 - Medium,green
a8efa3a6-8388-43bd-acf4-69c3c7ee5d78,Crafter's Secret Big Idea Yarn,Crafter's Secret,25 Pale Yellow,80990645,260 Light Sage,2196608,https://www.hobbylobby.com/yarn-needle-art/yarn-tools/yarn/crafter-s-secret-big-idea-yarn/p/bi78309,True,100% Acrylic,4 - Medium,green
a8efa3a6-8388-43bd-acf4-69c3c7ee5d78,Crafter's Secret Big Idea Yarn,Crafter's Secret,69 Sungold,80990646,260 Light Sage,2196608,https://www.hobbylobby.com/yarn-needle-art/yarn-tools/yarn/crafter-s-secret-big-idea-yarn/p/bi78309,True,100% Acrylic,4 - Medium,green
a8efa3a6-8388-43bd-acf4-69c3c7ee5d78,Crafter's Secret Big Idea Yarn,Crafter's Secret,47 Splash,80990649,260 Light Sage,2196608,https://www.hobbylobby.com/yarn-needle-art/yarn-tools/yarn/crafter-s-secret-big-idea-yarn/p/bi78309,True,100% Acrylic,4 - Medium,green
a8efa3a6-8388-43bd-acf4-69c3c7ee5d78,Crafter's Secret Big Idea Yarn,Crafter's Secret,67 Cobalt Blue,80990652,260 Light Sage,2196608,https://www.hobbylobby.com/yarn-needle-art/yarn-tools/yarn/crafter-s-secret-big-idea-yarn/p/bi78309,True,100% Acrylic,4 - Medium,green
a8efa3a6-8388-43bd-acf4-69c3c7ee5d78,Crafter's Secret Big Idea Yarn,Crafter's Secret,21 Pink,80990653,260 Light Sage,2196608,https://www.hobbylobby.com/yarn-needle-art/yarn-tools/yarn/crafter-s-secret-big-idea-yarn/p/bi78309,True,100% Acrylic,4 - Medium,green
a8efa3a6-8388-43bd-acf4-69c3c7ee5d78,Crafter's Secret Big Idea Yarn,Crafter's Secret,65 Cranberry,80990655,260 Light Sage,2196608,https://www.hobbylobby.com/yarn-needle-art/yarn-tools/yarn/crafter-s-secret-big-idea-yarn/p/bi78309,True,100% Acrylic,4 - Medium,green
a8efa3a6-8388-43bd-acf4-69c3c7ee5d78,Crafter's Secret Big Idea Yarn,Crafter's Secret,90 Navy,81076425,260 Light Sage,2196608,https://www.hobbylobby.com/yarn-needle-art/yarn-tools/yarn/crafter-s-secret-big-idea-yarn/p/bi78309,True,100% Acrylic,4 - Medium,green
a8efa3a6-8388-43bd-acf4-69c3c7ee5d78,Crafter's Secret Big Idea Yarn,Crafter's Secret,240 Linen,81076427,260 Light Sage,2196608,https://www.hobbylobby.com/yarn-needle-art/yarn-tools/yarn/crafter-s-secret-big-idea-yarn/p/bi78309,True,100% Acrylic,4 - Medium,green
a8efa3a6-8388-43bd-acf4-69c3c7ee5d78,Crafter's Secret Big Idea Yarn,Crafter's Secret,70 Soft Blue,81076429,260 Light Sage,2196608,https://www.hobbylobby.com/yarn-needle-art/yarn-tools/yarn/crafter-s-secret-big-idea-yarn/p/bi78309,True,100% Acrylic,4 - Medium,green
a8efa3a6-8388-43bd-acf4-69c3c7ee5d78,Crafter's Secret Big Idea Yarn,Crafter's Secret,260 Light Sage,81076430,260 Light Sage,2196608,https://www.hobbylobby.com/yarn-needle-art/yarn-tools/yarn/crafter-s-secret-big-idea-yarn/p/bi78309,True,100% Acrylic,4 - Medium,green
a8efa3a6-8388-43bd-acf4-69c3c7ee5d78,Crafter's Secret Big Idea Yarn,Crafter's Secret,13 Pepper.com,80880537,260 Light Sage,2196608,https://www.hobbylobby.com/yarn-needle-art/yarn-tools/yarn/crafter-s-secret-big-idea-yarn/p/bi78309,True,100% Acrylic,4 - Medium,green
a8efa3a6-8388-43bd-acf4-69c3c7ee5d78,Crafter's Secret Big Idea Yarn,Crafter's Secret,17 Red,80880538,260 Light Sage,2196608,https://www.hobbylobby.com/yarn-needle-art/yarn-tools/yarn/crafter-s-secret-big-idea-yarn/p/bi78309,True,100% Acrylic,4 - Medium,green
0ffcfb79-c28a-43d0-afac-fbb9827ad2a5,Print I Love This Cotton Yarn,I Love this Cotton,220 Spunky,36413,372 Rosemary Cottage,2198513,https://www.hobbylobby.com/yarn-needle-art/yarn-tools/yarn/print-i-love-this-cotton-yarn/p/prntiltyn22,True,100% Cotton,4 - Medium,multi
0ffcfb79-c28a-43d0-afac-fbb9827ad2a5,Print I Love This Cotton Yarn,I Love this Cotton,230 Woods,36414,372 Rosemary Cottage,2198513,https://www.hobbylobby.com/yarn-needle-art/yarn-tools/yarn/print-i-love-this-cotton-yarn/p/prntiltyn22,True,100% Cotton,4 - Medium,multi
0ffcfb79-c28a-43d0-afac-fbb9827ad2a5,Print I Love This Cotton Yarn,I Love this Cotton,332 Teal,80787000,372 Rosemary Cottage,2198513,https://www.hobbylobby.com/yarn-needle-art/yarn-tools/yarn/print-i-love-this-cotton-yarn/p/prntiltyn22,True,100% Cotton,4 - Medium,multi
0ffcfb79-c28a-43d0-afac-fbb9827ad2a5,Print I Love This Cotton Yarn,I Love this Cotton,334 Denim Blue,80787002,372 Rosemary Cottage,2198513,https://www.hobbylobby.com/yarn-needle-art/yarn-tools/yarn/print-i-love-this-cotton-yarn/p/prntiltyn22,True,100% Cotton,4 - Medium,multi
0ffcfb79-c28a-43d0-afac-fbb9827ad2a5,Print I Love This Cotton Yarn,I Love this Cotton,340 Brights,80787005,372 Rosemary Cottage,2198513,https://www.hobbylobby.com/yarn-needle-art/yarn-tools/yarn/print-i-love-this-cotton-yarn/p/prntiltyn22,True,100% Cotton,4 - Medium,multi
0ffcfb79-c28a-43d0-afac-fbb9827ad2a5,Print I Love This Cotton Yarn,I Love this Cotton,"342 Pink, Green & Purple",80787006,372 Rosemary Cottage,2198513,https://www.hobbylobby.com/yarn-needle-art/yarn-tools/yarn/print-i-love-this-cotton-yarn/p/prntiltyn22,True,100% Cotton,4 - Medium,multi
0ffcfb79-c28a-43d0-afac-fbb9827ad2a5,Print I Love This Cotton Yarn,I Love this Cotton,348 Paris In June,80842446,372 Rosemary Cottage,2198513,https://www.hobbylobby.com/yarn-needle-art/yarn-tools/yarn/print-i-love-this-cotton-yarn/p/prntiltyn22,True,100% Cotton,4 - Medium,multi
0ffcfb79-c28a-43d0-afac-fbb9827ad2a5,Print I Love This Cotton Yarn,I Love this Cotton,346 Harvest,80842453,372 Rosemary Cottage,2198513,https://www.hobbylobby.com/yarn-needle-art/yarn-tools/yarn/print-i-love-this-cotton-yarn/p/prntiltyn22,True,100% Cotton,4 - Medium,multi
0ffcfb79-c28a-43d0-afac-fbb9827ad2a5,Print I Love This Cotton Yarn,I Love this Cotton,356 City Beat,80952953,372 Rosemary Cottage,2198513,https://www.hobbylobby.com/yarn-needle-art/yarn-tools/yarn/print-i-love-this-cotton-yarn/p/prntiltyn22,True,100% Cotton,4 - Medium,multi
0ffcfb79-c28a-43d0-afac-fbb9827ad2a5,Print I Love This Cotton Yarn,I Love this Cotton,360 Eastern Nova,80952955,372 Rosemary Cottage,2198513,https://www.hobbylobby.com/yarn-needle-art/yarn-tools/yarn/print-i-love-this-cotton-yarn/p/prntiltyn22,True,100% Cotton,4 - Medium,multi
0ffcfb79-c28a-43d0-afac-fbb9827ad2a5,Print I Love This Cotton Yarn,I Love this Cotton,362 Harvest Hues,81040558,372 Rosemary Cottage,2198513,https://www.hobbylobby.com/yarn-needle-art/yarn-tools/yarn/print-i-love-this-cotton-yarn/p/prntiltyn22,True,100% Cotton,4 - Medium,multi
0ffcfb79-c28a-43d0-afac-fbb9827ad2a5,Print I Love This Cotton Yarn,I Love this Cotton,364 Emerald Pine,81040560,372 Rosemary Cottage,2198513,https://www.hobbylobby.com/yarn-needle-art/yarn-tools/yarn/print-i-love-this-cotton-yarn/p/prntiltyn22,True,100% Cotton,4 - Medium,multi
0ffcfb79-c28a-43d0-afac-fbb9827ad2a5,Print I Love This Cotton Yarn,I Love this Cotton,336 Cinnamon Cedar,81077015,372 Rosemary Cottage,2198513,https://www.hobbylobby.com/yarn-needle-art/yarn-tools/yarn/print-i-love-this-cotton-yarn/p/prntiltyn22,True,100% Cotton,4 - Medium,multi
0ffcfb79-c28a-43d0-afac-fbb9827ad2a5,Print I Love This Cotton Yarn,I Love this Cotton,344 Sunsetting,81077016,372 Rosemary Cottage,2198513,https://www.hobbylobby.com/yarn-needle-art/yarn-tools/yarn/print-i-love-this-cotton-yarn/p/prntiltyn22,True,100% Cotton,4 - Medium,multi
0ffcfb79-c28a-43d0-afac-fbb9827ad2a5,Print I Love This Cotton Yarn,I Love this Cotton,352 Domino Effect,81077017,372 Rosemary Cottage,2198513,https://www.hobbylobby.com/yarn-needle-art/yarn-tools/yarn/print-i-love-this-cotton-yarn/p/prntiltyn22,True,100% Cotton,4 - Medium,multi
0ffcfb79-c28a-43d0-afac-fbb9827ad2a5,Print I Love This Cotton Yarn,I Love this Cotton,366 Moonlit Frost,81077018,372 Rosemary Cottage,2198513,https://www.hobbylobby.com/yarn-needle-art/yarn-tools/yarn/print-i-love-this-cotton-yarn/p/prntiltyn22,True,100% Cotton,4 - Medium,multi
0ffcfb79-c28a-43d0-afac-fbb9827ad2a5,Print I Love This Cotton Yarn,I Love this Cotton,368 Walk In The Park,81077019,372 Rosemary Cottage,2198513,https://www.hobbylobby.com/yarn-needle-art/yarn-tools/yarn/print-i-love-this-cotton-yarn/p/prntiltyn22,True,100% Cotton,4 - Medium,multi
0ffcfb79-c28a-43d0-afac-fbb9827ad2a5,Print I Love This Cotton Yarn,I Love this Cotton,370 Sunlit Seafoam,81077020,372 Rosemary Cottage,2198513,https://www.hobbylobby.com/yarn-needle-art/yarn-tools/yarn/print-i-love-this-cotton-yarn/p/prntiltyn22,True,100% Cotton,4 - Medium,multi
0ffcfb79-c28a-43d0-afac-fbb9827ad2a5,Print I Love This Cotton Yarn,I Love this Cotton,372 Rosemary Cottage,81077021,372 Rosemary Cottage,2198513,https://www.hobbylobby.com/yarn-needle-art/yarn-tools/yarn/print-i-love-this-cotton-yarn/p/prntiltyn22,True,100% Cotton,4 - Medium,multi
b371bbf1-4cbd-49a4-b5d0-9d8db1da9311,Yarn Bee Bejeweled Sequin Yarn,Yarn Bee,15 Gold,140587,15 Gold,858076,https://www.hobbylobby.com/yarn-needle-art/yarn-tools/yarn/yarn-bee-bejeweled-sequin-yarn/p/yn20215,True,"40% Metallic Polyester, 30% Sequin Polyester & 30% Polyester",1 - Super Fine,gold
b371bbf1-4cbd-49a4-b5d0-9d8db1da9311,Yarn Bee Bejeweled Sequin Yarn,Yarn Bee,45 Silver,55938,15 Gold,858076,https://www.hobbylobby.com/yarn-needle-art/yarn-tools/yarn/yarn-bee-bejeweled-sequin-yarn/p/yn20215,True,"40% Metallic Polyester, 30% Sequin Polyester & 30% Polyester",1 - Super Fine,gold
23ff6da0-5c40-4c63-be46-58839f5f2e81,Baby Bee Stork Struck Yarn,Baby Bee,1 Angel,80952915,102 Puppy Love,2286060,https://www.hobbylobby.com/yarn-needle-art/yarn-tools/yarn/baby-bee-stork-struck-yarn/p/ss65477,True,50% Lyocell & 50% Acrylic,4 - Medium,multi
23ff6da0-5c40-4c63-be46-58839f5f2e81,Baby Bee Stork Struck Yarn,Baby Bee,2 Naked,80952916,102 Puppy Love,2286060,https://www.hobbylobby.com/yarn-needle-art/yarn-tools/yarn/baby-bee-stork-struck-yarn/p/ss65477,True,50% Lyocell & 50% Acrylic,4 - Medium,multi
23ff6da0-5c40-4c63-be46-58839f5f2e81,Baby Bee Stork Struck Yarn,Baby Bee,3 Pink-A-Boo,80952917,102 Puppy Love,2286060,https://www.hobbylobby.com/yarn-needle-art/yarn-tools/yarn/baby-bee-stork-struck-yarn/p/ss65477,True,50% Lyocell & 50% Acrylic,4 - Medium,multi
23ff6da0-5c40-4c63-be46-58839f5f2e81,Baby Bee Stork Struck Yarn,Baby Bee,5 Mint Charm,80952919,102 Puppy Love,2286060,https://www.hobbylobby.com/yarn-needle-art/yarn-tools/yarn/baby-bee-stork-struck-yarn/p/ss65477,True,50% Lyocell & 50% Acrylic,4 - Medium,multi
23ff6da0-5c40-4c63-be46-58839f5f2e81,Baby Bee Stork Struck Yarn,Baby Bee,6 Baby's Blue,80952920,102 Puppy Love,2286060,https://www.hobbylobby.com/yarn-needle-art/yarn-tools/yarn/baby-bee-stork-struck-yarn/p/ss65477,True,50% Lyocell & 50% Acrylic,4 - Medium,multi
23ff6da0-5c40-4c63-be46-58839f5f2e81,Baby Bee Stork Struck Yarn,Baby Bee,8 Sunkisses,80952922,102 Puppy Love,2286060,https://www.hobbylobby.com/yarn-needle-art/yarn-tools/yarn/baby-bee-stork-struck-yarn/p/ss65477,True,50% Lyocell & 50% Acrylic,4 - Medium,multi
23ff6da0-5c40-4c63-be46-58839f5f2e81,Baby Bee Stork Struck Yarn,Baby Bee,100 Sorbet Ballet,81076579,102 Puppy Love,2286060,https://www.hobbylobby.com/yarn-needle-art/yarn-tools/yarn/baby-bee-stork-struck-yarn/p/ss65477,True,50% Lyocell & 50% Acrylic,4 - Medium,multi
23ff6da0-5c40-4c63-be46-58839f5f2e81,Baby Bee Stork Struck Yarn,Baby Bee,102 Puppy Love,81138671,102 Puppy Love,2286060,https://www.hobbylobby.com/yarn-needle-art/yarn-tools/yarn/baby-bee-stork-struck-yarn/p/ss65477,True,50% Lyocell & 50% Acrylic,4 - Medium,multi
928cc761-f240-4fa7-95b2-d81adaa81013,Yarn Bee Cozy Occasion Yarn,Yarn Bee,01 Ivory,80659199,46 Back to School,2427847,https://www.hobbylobby.com/yarn-needle-art/yarn-tools/yarn/yarn-bee-cozy-occasion-yarn/p/cy84971,True,100% Polyester,6 - Super Bulky,multi
928cc761-f240-4fa7-95b2-d81adaa81013,Yarn Bee Cozy Occasion Yarn,Yarn Bee,02 Dark Grey,80659204,46 Back to School,2427847,https://www.hobbylobby.com/yarn-needle-art/yarn-tools/yarn/yarn-bee-cozy-occasion-yarn/p/cy84971,True,100% Polyester,6 - Super Bulky,multi
928cc761-f240-4fa7-95b2-d81adaa81013,Yarn Bee Cozy Occasion Yarn,Yarn Bee,04 Cranberry,80659208,46 Back to School,2427847,https://www.hobbylobby.com/yarn-needle-art/yarn-tools/yarn/yarn-bee-cozy-occasion-yarn/p/cy84971,True,100% Polyester,6 - Super Bulky,multi
928cc761-f240-4fa7-95b2-d81adaa81013,Yarn Bee Cozy Occasion Yarn,Yarn Bee,03 Teal,80659210,46 Back to School,2427847,https://www.hobbylobby.com/yarn-needle-art/yarn-tools/yarn/yarn-bee-cozy-occasion-yarn/p/cy84971,True,100% Polyester,6 - Super Bulky,multi
928cc761-f240-4fa7-95b2-d81adaa81013,Yarn Bee Cozy Occasion Yarn,Yarn Bee,07 Rainwheel,80782776,46 Back to School,2427847,https://www.hobbylobby.com/yarn-needle-art/yarn-tools/yarn/yarn-bee-cozy-occasion-yarn/p/cy84971,True,100% Polyester,6 - Super Bulky,multi
928cc761-f240-4fa7-95b2-d81adaa81013,Yarn Bee Cozy Occasion Yarn,Yarn Bee,10 Spa Day,80782779,46 Back to School,2427847,https://www.hobbylobby.com/yarn-needle-art/yarn-tools/yarn/yarn-bee-cozy-occasion-yarn/p/cy84971,True,100% Polyester,6 - Super Bulky,multi
928cc761-f240-4fa7-95b2-d81adaa81013,Yarn Bee Cozy Occasion Yarn,Yarn Bee,06 Light Grey,80786432,46 Back to School,2427847,https://www.hobbylobby.com/yarn-needle-art/yarn-tools/yarn/yarn-bee-cozy-occasion-yarn/p/cy84971,True,100% Polyester,6 - Super Bulky,multi
928cc761-f240-4fa7-95b2-d81adaa81013,Yarn Bee Cozy Occasion Yarn,Yarn Bee,11 Bayou Summer,80786434,46 Back to School,2427847,https://www.hobbylobby.com/yarn-needle-art/yarn-tools/yarn/yarn-bee-cozy-occasion-yarn/p/cy84971,True,100% Polyester,6 - Super Bulky,multi
928cc761-f240-4fa7-95b2-d81adaa81013,Yarn Bee Cozy Occasion Yarn,Yarn Bee,14 Down Pillow,80891026,46 Back to School,2427847,https://www.hobbylobby.com/yarn-needle-art/yarn-tools/yarn/yarn-bee-cozy-occasion-yarn/p/cy84971,True,100% Polyester,6 - Super Bulky,multi
928cc761-f240-4fa7-95b2-d81adaa81013,Yarn Bee Cozy Occasion Yarn,Yarn Bee,16 Mustard,80953590,46 Back to School,2427847,https://www.hobbylobby.com/yarn-needle-art/yarn-tools/yarn/yarn-bee-cozy-occasion-yarn/p/cy84971,True,100% Polyester,6 - Super Bulky,multi
928cc761-f240-4fa7-95b2-d81adaa81013,Yarn Bee Cozy Occasion Yarn,Yarn Bee,18 Soft Pink,80953591,46 Back to School,2427847,https://www.hobbylobby.com/yarn-needle-art/yarn-tools/yarn/yarn-bee-cozy-occasion-yarn/p/cy84971,True,100% Polyester,6 - Super Bulky,multi
928cc761-f240-4fa7-95b2-d81adaa81013,Yarn Bee Cozy Occasion Yarn,Yarn Bee,22 Martella Mix,80990773,46 Back to School,2427847,https://www.hobbylobby.com/yarn-needle-art/yarn-tools/yarn/yarn-bee-cozy-occasion-yarn/p/cy84971,True,100% Polyester,6 - Super Bulky,multi
928cc761-f240-4fa7-95b2-d81adaa81013,Yarn Bee Cozy Occasion Yarn,Yarn Bee,24 White,81081116,46 Back to School,2427847,https://www.hobbylobby.com/yarn-needle-art/yarn-tools/yarn/yarn-bee-cozy-occasion-yarn/p/cy84971,True,100% Polyester,6 - Super Bulky,multi
928cc761-f240-4fa7-95b2-d81adaa81013,Yarn Bee Cozy Occasion Yarn,Yarn Bee,26 Olive,81081117,46 Back to School,2427847,https://www.hobbylobby.com/yarn-needle-art/yarn-tools/yarn/yarn-bee-cozy-occasion-yarn/p/cy84971,True,100% Polyester,6 - Super Bulky,multi
928cc761-f240-4fa7-95b2-d81adaa81013,Yarn Bee Cozy Occasion Yarn,Yarn Bee,28 French Lilac,81081118,46 Back to School,2427847,https://www.hobbylobby.com/yarn-needle-art/yarn-tools/yarn/yarn-bee-cozy-occasion-yarn/p/cy84971,True,100% Polyester,6 - Super Bulky,multi
928cc761-f240-4fa7-95b2-d81adaa81013,Yarn Bee Cozy Occasion Yarn,Yarn Bee,30 Deep Sage,81148674,46 Back to School,2427847,https://www.hobbylobby.com/yarn-needle-art/yarn-tools/yarn/yarn-bee-cozy-occasion-yarn/p/cy84971,True,100% Polyester,6 - Super Bulky,multi
928cc761-f240-4fa7-95b2-d81adaa81013,Yarn Bee Cozy Occasion Yarn,Yarn Bee,32 Humus,81148676,46 Back to School,2427847,https://www.hobbylobby.com/yarn-needle-art/yarn-tools/yarn/yarn-bee-cozy-occasion-yarn/p/cy84971,True,100% Polyester,6 - Super Bulky,multi
928cc761-f240-4fa7-95b2-d81adaa81013,Yarn Bee Cozy Occasion Yarn,Yarn Bee,34 Magenta,81148677,46 Back to School,2427847,https://www.hobbylobby.com/yarn-needle-art/yarn-tools/yarn/yarn-bee-cozy-occasion-yarn/p/cy84971,True,100% Polyester,6 - Super Bulky,multi
928cc761-f240-4fa7-95b2-d81adaa81013,Yarn Bee Cozy Occasion Yarn,Yarn Bee,36 Black,81186046,46 Back to School,2427847,https://www.hobbylobby.com/yarn-needle-art/yarn-tools/yarn/yarn-bee-cozy-occasion-yarn/p/cy84971,True,100% Polyester,6 - Super Bulky,multi
928cc761-f240-4fa7-95b2-d81adaa81013,Yarn Bee Cozy Occasion Yarn,Yarn Bee,38 Coffee,81186062,46 Back to School,2427847,https://www.hobbylobby.com/yarn-needle-art/yarn-tools/yarn/yarn-bee-cozy-occasion-yarn/p/cy84971,True,100% Polyester,6 - Super Bulky,multi
928cc761-f240-4fa7-95b2-d81adaa81013,Yarn Bee Cozy Occasion Yarn,Yarn Bee,40 Butterscotch Medallion,81186180,46 Back to School,2427847,https://www.hobbylobby.com/yarn-needle-art/yarn-tools/yarn/yarn-bee-cozy-occasion-yarn/p/cy84971,True,100% Polyester,6 - Super Bulky,multi
928cc761-f240-4fa7-95b2-d81adaa81013,Yarn Bee Cozy Occasion Yarn,Yarn Bee,42 Nice To See Blue,81186181,46 Back to School,2427847,https://www.hobbylobby.com/yarn-needle-art/yarn-tools/yarn/yarn-bee-cozy-occasion-yarn/p/cy84971,True,100% Polyester,6 - Super Bulky,multi
928cc761-f240-4fa7-95b2-d81adaa81013,Yarn Bee Cozy Occasion Yarn,Yarn Bee,44 Mulberry It Over,81186182,46 Back to School,2427847,https://www.hobbylobby.com/yarn-needle-art/yarn-tools/yarn/yarn-bee-cozy-occasion-yarn/p/cy84971,True,100% Polyester,6 - Super Bulky,multi
928cc761-f240-4fa7-95b2-d81adaa81013,Yarn Bee Cozy Occasion Yarn,Yarn Bee,46 Back to School,81186184,46 Back to School,2427847,https://www.hobbylobby.com/yarn-needle-art/yarn-tools/yarn/yarn-bee-cozy-occasion-yarn/p/cy84971,True,100% Polyester,6 - Super Bulky,multi
0bde45b2-3c1f-410a-bd69-d3479b3b20d4,Crafter's Secret Solid Cotton Yarn,Crafter's Secret,01 White,138117,25 Taupe,1340272,https://www.hobbylobby.com/yarn-needle-art/yarn-tools/yarn/crafter-s-secret-solid-cotton-yarn/p/yn20140,True,100% Cotton,4 - Medium,brown
0bde45b2-3c1f-410a-bd69-d3479b3b20d4,Crafter's Secret Solid Cotton Yarn,Crafter's Secret,22 Red,138118,25 Taupe,1340272,https://www.hobbylobby.com/yarn-needle-art/yarn-tools/yarn/crafter-s-secret-solid-cotton-yarn/p/yn20140,True,100% Cotton,4 - Medium,brown
0bde45b2-3c1f-410a-bd69-d3479b3b20d4,Crafter's Secret Solid Cotton Yarn,Crafter's Secret,54 Vintage Green,138122,25 Taupe,1340272,https://www.hobbylobby.com/yarn-needle-art/yarn-tools/yarn/crafter-s-secret-solid-cotton-yarn/p/yn20140,True,100% Cotton,4 - Medium,brown
0bde45b2-3c1f-410a-bd69-d3479b3b20d4,Crafter's Secret Solid Cotton Yarn,Crafter's Secret,52 Slate,138123,25 Taupe,1340272,https://www.hobbylobby.com/yarn-needle-art/yarn-tools/yarn/crafter-s-secret-solid-cotton-yarn/p/yn20140,True,100% Cotton,4 - Medium,brown
0bde45b2-3c1f-410a-bd69-d3479b3b20d4,Crafter's Secret Solid Cotton Yarn,Crafter's Secret,02 Ivory,138127,25 Taupe,1340272,https://www.hobbylobby.com/yarn-needle-art/yarn-tools/yarn/crafter-s-secret-solid-cotton-yarn/p/yn20140,True,100% Cotton,4 - Medium,brown
0bde45b2-3c1f-410a-bd69-d3479b3b20d4,Crafter's Secret Solid Cotton Yarn,Crafter's Secret,10 Gray,138130,25 Taupe,1340272,https://www.hobbylobby.com/yarn-needle-art/yarn-tools/yarn/crafter-s-secret-solid-cotton-yarn/p/yn20140,True,100% Cotton,4 - Medium,brown
0bde45b2-3c1f-410a-bd69-d3479b3b20d4,Crafter's Secret Solid Cotton Yarn,Crafter's Secret,13 Navy,138139,25 Taupe,1340272,https://www.hobbylobby.com/yarn-needle-art/yarn-tools/yarn/crafter-s-secret-solid-cotton-yarn/p/yn20140,True,100% Cotton,4 - Medium,brown
0bde45b2-3c1f-410a-bd69-d3479b3b20d4,Crafter's Secret Solid Cotton Yarn,Crafter's Secret,32 Lavender,138141,25 Taupe,1340272,https://www.hobbylobby.com/yarn-needle-art/yarn-tools/yarn/crafter-s-secret-solid-cotton-yarn/p/yn20140,True,100% Cotton,4 - Medium,brown
0bde45b2-3c1f-410a-bd69-d3479b3b20d4,Crafter's Secret Solid Cotton Yarn,Crafter's Secret,30 Bordeaux,138143,25 Taupe,1340272,https://www.hobbylobby.com/yarn-needle-art/yarn-tools/yarn/crafter-s-secret-solid-cotton-yarn/p/yn20140,True,100% Cotton,4 - Medium,brown
0bde45b2-3c1f-410a-bd69-d3479b3b20d4,Crafter's Secret Solid Cotton Yarn,Crafter's Secret,04 Black,138144,25 Taupe,1340272,https://www.hobbylobby.com/yarn-needle-art/yarn-tools/yarn/crafter-s-secret-solid-cotton-yarn/p/yn20140,True,100% Cotton,4 - Medium,brown
0bde45b2-3c1f-410a-bd69-d3479b3b20d4,Crafter's Secret Solid Cotton Yarn,Crafter's Secret,43 Yellow,34802,25 Taupe,1340272,https://www.hobbylobby.com/yarn-needle-art/yarn-tools/yarn/crafter-s-secret-solid-cotton-yarn/p/yn20140,True,100% Cotton,4 - Medium,brown
0bde45b2-3c1f-410a-bd69-d3479b3b20d4,Crafter's Secret Solid Cotton Yarn,Crafter's Secret,31 Purple,34915,25 Taupe,1340272,https://www.hobbylobby.com/yarn-needle-art/yarn-tools/yarn/crafter-s-secret-solid-cotton-yarn/p/yn20140,True,100% Cotton,4 - Medium,brown
0bde45b2-3c1f-410a-bd69-d3479b3b20d4,Crafter's Secret Solid Cotton Yarn,Crafter's Secret,03 Brown,35179,25 Taupe,1340272,https://www.hobbylobby.com/yarn-needle-art/yarn-tools/yarn/crafter-s-secret-solid-cotton-yarn/p/yn20140,True,100% Cotton,4 - Medium,brown
0bde45b2-3c1f-410a-bd69-d3479b3b20d4,Crafter's Secret Solid Cotton Yarn,Crafter's Secret,42 Lime,35368,25 Taupe,1340272,https://www.hobbylobby.com/yarn-needle-art/yarn-tools/yarn/crafter-s-secret-solid-cotton-yarn/p/yn20140,True,100% Cotton,4 - Medium,brown
0bde45b2-3c1f-410a-bd69-d3479b3b20d4,Crafter's Secret Solid Cotton Yarn,Crafter's Secret,21 Hot Pink,35369,25 Taupe,1340272,https://www.hobbylobby.com/yarn-needle-art/yarn-tools/yarn/crafter-s-secret-solid-cotton-yarn/p/yn20140,True,100% Cotton,4 - Medium,brown
0bde45b2-3c1f-410a-bd69-d3479b3b20d4,Crafter's Secret Solid Cotton Yarn,Crafter's Secret,50 Turquoise,36890,25 Taupe,1340272,https://www.hobbylobby.com/yarn-needle-art/yarn-tools/yarn/crafter-s-secret-solid-cotton-yarn/p/yn20140,True,100% Cotton,4 - Medium,brown
0bde45b2-3c1f-410a-bd69-d3479b3b20d4,Crafter's Secret Solid Cotton Yarn,Crafter's Secret,12 Royal,36892,25 Taupe,1340272,https://www.hobbylobby.com/yarn-needle-art/yarn-tools/yarn/crafter-s-secret-solid-cotton-yarn/p/yn20140,True,100% Cotton,4 - Medium,brown
0bde45b2-3c1f-410a-bd69-d3479b3b20d4,Crafter's Secret Solid Cotton Yarn,Crafter's Secret,14 Spa Blue,80785182,25 Taupe,1340272,https://www.hobbylobby.com/yarn-needle-art/yarn-tools/yarn/crafter-s-secret-solid-cotton-yarn/p/yn20140,True,100% Cotton,4 - Medium,brown
0bde45b2-3c1f-410a-bd69-d3479b3b20d4,Crafter's Secret Solid Cotton Yarn,Crafter's Secret,15 Periwinkle,80785184,25 Taupe,1340272,https://www.hobbylobby.com/yarn-needle-art/yarn-tools/yarn/crafter-s-secret-solid-cotton-yarn/p/yn20140,True,100% Cotton,4 - Medium,brown
0bde45b2-3c1f-410a-bd69-d3479b3b20d4,Crafter's Secret Solid Cotton Yarn,Crafter's Secret,16 Rose Quartz,80785186,25 Taupe,1340272,https://www.hobbylobby.com/yarn-needle-art/yarn-tools/yarn/crafter-s-secret-solid-cotton-yarn/p/yn20140,True,100% Cotton,4 - Medium,brown
0bde45b2-3c1f-410a-bd69-d3479b3b20d4,Crafter's Secret Solid Cotton Yarn,Crafter's Secret,17 Bright Orange,80785187,25 Taupe,1340272,https://www.hobbylobby.com/yarn-needle-art/yarn-tools/yarn/crafter-s-secret-solid-cotton-yarn/p/yn20140,True,100% Cotton,4 - Medium,brown
0bde45b2-3c1f-410a-bd69-d3479b3b20d4,Crafter's Secret Solid Cotton Yarn,Crafter's Secret,18 Dark Teal,80785190,25 Taupe,1340272,https://www.hobbylobby.com/yarn-needle-art/yarn-tools/yarn/crafter-s-secret-solid-cotton-yarn/p/yn20140,True,100% Cotton,4 - Medium,brown
0bde45b2-3c1f-410a-bd69-d3479b3b20d4,Crafter's Secret Solid Cotton Yarn,Crafter's Secret,24 Papaya,80785195,25 Taupe,1340272,https://www.hobbylobby.com/yarn-needle-art/yarn-tools/yarn/crafter-s-secret-solid-cotton-yarn/p/yn20140,True,100% Cotton,4 - Medium,brown
0bde45b2-3c1f-410a-bd69-d3479b3b20d4,Crafter's Secret Solid Cotton Yarn,Crafter's Secret,25 Taupe,80785196,25 Taupe,1340272,https://www.hobbylobby.com/yarn-needle-art/yarn-tools/yarn/crafter-s-secret-solid-cotton-yarn/p/yn20140,True,100% Cotton,4 - Medium,brown
8561296e-0b26-4f76-8a1f-f5f2e2da6202,Ombre Print I Love This Yarn,I Love this Yarn,600 Seaspray,35901,507 Denims,349571,https://www.hobbylobby.com/yarn-needle-art/yarn-tools/yarn/ombre-print-i-love-this-yarn/p/op04875,True,100% Acrylic,4 - Medium,blue
8561296e-0b26-4f76-8a1f-f5f2e2da6202,Ombre Print I Love This Yarn,I Love this Yarn,644 Old Glory,36022,507 Denims,349571,https://www.hobbylobby.com/yarn-needle-art/yarn-tools/yarn/ombre-print-i-love-this-yarn/p/op04875,True,100% Acrylic,4 - Medium,blue
8561296e-0b26-4f76-8a1f-f5f2e2da6202,Ombre Print I Love This Yarn,I Love this Yarn,507 Denims,37346,507 Denims,349571,https://www.hobbylobby.com/yarn-needle-art/yarn-tools/yarn/ombre-print-i-love-this-yarn/p/op04875,True,100% Acrylic,4 - Medium,blue
ae3eefb7-756e-4b1e-8f33-94ace39e5d15,Yarn Bee Scrub-Ology Cotton Yarn,Yarn Bee,118 Emerald Pine,81076682,118 Emerald Pine,2197002,https://www.hobbylobby.com/yarn-needle-art/yarn-tools/yarn/yarn-bee-scrub-ology-cotton-yarn/p/cotscrub22,True,100% Cotton,4 - Medium,green
ae3eefb7-756e-4b1e-8f33-94ace39e5d15,Yarn Bee Scrub-Ology Cotton Yarn,Yarn Bee,120 Harmonious,81076685,118 Emerald Pine,2197002,https://www.hobbylobby.com/yarn-needle-art/yarn-tools/yarn/yarn-bee-scrub-ology-cotton-yarn/p/cotscrub22,True,100% Cotton,4 - Medium,green
039d7a30-f3c6-4279-8280-37f20b81f6aa,Yarn Bee Breathe Deep Super Bulky Yarn,Yarn Bee,01 Winter White,81077080,Soft Pink,2528420,https://www.hobbylobby.com/yarn-needle-art/yarn-tools/yarn/yarn-bee-breathe-deep-super-bulky-yarn/p/art83superbulk22,True,100% Polyester,6 - Super Bulky,pink
039d7a30-f3c6-4279-8280-37f20b81f6aa,Yarn Bee Breathe Deep Super Bulky Yarn,Yarn Bee,02 Dove,81077081,Soft Pink,2528420,https://www.hobbylobby.com/yarn-needle-art/yarn-tools/yarn/yarn-bee-breathe-deep-super-bulky-yarn/p/art83superbulk22,True,100% Polyester,6 - Super Bulky,pink
039d7a30-f3c6-4279-8280-37f20b81f6aa,Yarn Bee Breathe Deep Super Bulky Yarn,Yarn Bee,04 Stone Blue,81077083,Soft Pink,2528420,https://www.hobbylobby.com/yarn-needle-art/yarn-tools/yarn/yarn-bee-breathe-deep-super-bulky-yarn/p/art83superbulk22,True,100% Polyester,6 - Super Bulky,pink
039d7a30-f3c6-4279-8280-37f20b81f6aa,Yarn Bee Breathe Deep Super Bulky Yarn,Yarn Bee,05 Coconut,81077084,Soft Pink,2528420,https://www.hobbylobby.com/yarn-needle-art/yarn-tools/yarn/yarn-bee-breathe-deep-super-bulky-yarn/p/art83superbulk22,True,100% Polyester,6 - Super Bulky,pink
039d7a30-f3c6-4279-8280-37f20b81f6aa,Yarn Bee Breathe Deep Super Bulky Yarn,Yarn Bee,06 Sage,81077085,Soft Pink,2528420,https://www.hobbylobby.com/yarn-needle-art/yarn-tools/yarn/yarn-bee-breathe-deep-super-bulky-yarn/p/art83superbulk22,True,100% Polyester,6 - Super Bulky,pink
039d7a30-f3c6-4279-8280-37f20b81f6aa,Yarn Bee Breathe Deep Super Bulky Yarn,Yarn Bee,Soft Pink,81227128,Soft Pink,2528420,https://www.hobbylobby.com/yarn-needle-art/yarn-tools/yarn/yarn-bee-breathe-deep-super-bulky-yarn/p/art83superbulk22,True,100% Polyester,6 - Super Bulky,pink
a4707f91-b646-48f2-a5d4-da00c29240de,I Love This Chunky Print Yarn ,I Love This Chunky,157 Safari Trek,120012,368 Cinnamon Cedar,2198554,https://www.hobbylobby.com/yarn-needle-art/yarn-tools/yarn/i-love-this-chunky-print-yarn-/p/chnkyn22,True,100% Acrylic,5 - Bulky,multi
a4707f91-b646-48f2-a5d4-da00c29240de,I Love This Chunky Print Yarn ,I Love This Chunky,134 Herb Garden,36359,368 Cinnamon Cedar,2198554,https://www.hobbylobby.com/yarn-needle-art/yarn-tools/yarn/i-love-this-chunky-print-yarn-/p/chnkyn22,True,100% Acrylic,5 - Bulky,multi
a4707f91-b646-48f2-a5d4-da00c29240de,I Love This Chunky Print Yarn ,I Love This Chunky,152 Plum Garden,36645,368 Cinnamon Cedar,2198554,https://www.hobbylobby.com/yarn-needle-art/yarn-tools/yarn/i-love-this-chunky-print-yarn-/p/chnkyn22,True,100% Acrylic,5 - Bulky,multi
a4707f91-b646-48f2-a5d4-da00c29240de,I Love This Chunky Print Yarn ,I Love This Chunky,130 Sunset,80794275,368 Cinnamon Cedar,2198554,https://www.hobbylobby.com/yarn-needle-art/yarn-tools/yarn/i-love-this-chunky-print-yarn-/p/chnkyn22,True,100% Acrylic,5 - Bulky,multi
a4707f91-b646-48f2-a5d4-da00c29240de,I Love This Chunky Print Yarn ,I Love This Chunky,362 Sunburst Harvest,81077022,368 Cinnamon Cedar,2198554,https://www.hobbylobby.com/yarn-needle-art/yarn-tools/yarn/i-love-this-chunky-print-yarn-/p/chnkyn22,True,100% Acrylic,5 - Bulky,multi
a4707f91-b646-48f2-a5d4-da00c29240de,I Love This Chunky Print Yarn ,I Love This Chunky,364 Still Water,81077023,368 Cinnamon Cedar,2198554,https://www.hobbylobby.com/yarn-needle-art/yarn-tools/yarn/i-love-this-chunky-print-yarn-/p/chnkyn22,True,100% Acrylic,5 - Bulky,multi
a4707f91-b646-48f2-a5d4-da00c29240de,I Love This Chunky Print Yarn ,I Love This Chunky,366 Saturns Ring,81077024,368 Cinnamon Cedar,2198554,https://www.hobbylobby.com/yarn-needle-art/yarn-tools/yarn/i-love-this-chunky-print-yarn-/p/chnkyn22,True,100% Acrylic,5 - Bulky,multi
a4707f91-b646-48f2-a5d4-da00c29240de,I Love This Chunky Print Yarn ,I Love This Chunky,368 Cinnamon Cedar,81077025,368 Cinnamon Cedar,2198554,https://www.hobbylobby.com/yarn-needle-art/yarn-tools/yarn/i-love-this-chunky-print-yarn-/p/chnkyn22,True,100% Acrylic,5 - Bulky,multi
1abdcf37-32c3-4bbf-97e9-0d64242b8cdf,Yarn Bee Dream Spun Yarn,Yarn Bee,4 Delphinium,80783868,Ivory,2574390,https://www.hobbylobby.com/yarn-needle-art/yarn-tools/yarn/yarn-bee-dream-spun-yarn/p/ds07660,True,80% Acrylic & 20% Superwash Wool,5 - Bulky,white
1abdcf37-32c3-4bbf-97e9-0d64242b8cdf,Yarn Bee Dream Spun Yarn,Yarn Bee,6 Tuscany,80783886,Ivory,2574390,https://www.hobbylobby.com/yarn-needle-art/yarn-tools/yarn/yarn-bee-dream-spun-yarn/p/ds07660,True,80% Acrylic & 20% Superwash Wool,5 - Bulky,white
1abdcf37-32c3-4bbf-97e9-0d64242b8cdf,Yarn Bee Dream Spun Yarn,Yarn Bee,7 Twilight Plains,80783888,Ivory,2574390,https://www.hobbylobby.com/yarn-needle-art/yarn-tools/yarn/yarn-bee-dream-spun-yarn/p/ds07660,True,80% Acrylic & 20% Superwash Wool,5 - Bulky,white
1abdcf37-32c3-4bbf-97e9-0d64242b8cdf,Yarn Bee Dream Spun Yarn,Yarn Bee,10 Wildbrush,80891173,Ivory,2574390,https://www.hobbylobby.com/yarn-needle-art/yarn-tools/yarn/yarn-bee-dream-spun-yarn/p/ds07660,True,80% Acrylic & 20% Superwash Wool,5 - Bulky,white
1abdcf37-32c3-4bbf-97e9-0d64242b8cdf,Yarn Bee Dream Spun Yarn,Yarn Bee,12 Mountain Blue Bird,80891175,Ivory,2574390,https://www.hobbylobby.com/yarn-needle-art/yarn-tools/yarn/yarn-bee-dream-spun-yarn/p/ds07660,True,80% Acrylic & 20% Superwash Wool,5 - Bulky,white
1abdcf37-32c3-4bbf-97e9-0d64242b8cdf,Yarn Bee Dream Spun Yarn,Yarn Bee,16 Gracelyn Fair,80891177,Ivory,2574390,https://www.hobbylobby.com/yarn-needle-art/yarn-tools/yarn/yarn-bee-dream-spun-yarn/p/ds07660,True,80% Acrylic & 20% Superwash Wool,5 - Bulky,white
1abdcf37-32c3-4bbf-97e9-0d64242b8cdf,Yarn Bee Dream Spun Yarn,Yarn Bee,18 Meadow Dream,80891178,Ivory,2574390,https://www.hobbylobby.com/yarn-needle-art/yarn-tools/yarn/yarn-bee-dream-spun-yarn/p/ds07660,True,80% Acrylic & 20% Superwash Wool,5 - Bulky,white
1abdcf37-32c3-4bbf-97e9-0d64242b8cdf,Yarn Bee Dream Spun Yarn,Yarn Bee,22 Fired Bronze,80990659,Ivory,2574390,https://www.hobbylobby.com/yarn-needle-art/yarn-tools/yarn/yarn-bee-dream-spun-yarn/p/ds07660,True,80% Acrylic & 20% Superwash Wool,5 - Bulky,white
1abdcf37-32c3-4bbf-97e9-0d64242b8cdf,Yarn Bee Dream Spun Yarn,Yarn Bee,Greige,81235842,Ivory,2574390,https://www.hobbylobby.com/yarn-needle-art/yarn-tools/yarn/yarn-bee-dream-spun-yarn/p/ds07660,True,80% Acrylic & 20% Superwash Wool,5 - Bulky,white
1abdcf37-32c3-4bbf-97e9-0d64242b8cdf,Yarn Bee Dream Spun Yarn,Yarn Bee,Biscotti,81235851,Ivory,2574390,https://www.hobbylobby.com/yarn-needle-art/yarn-tools/yarn/yarn-bee-dream-spun-yarn/p/ds07660,True,80% Acrylic & 20% Superwash Wool,5 - Bulky,white
1abdcf37-32c3-4bbf-97e9-0d64242b8cdf,Yarn Bee Dream Spun Yarn,Yarn Bee,Sage,81235827,Ivory,2574390,https://www.hobbylobby.com/yarn-needle-art/yarn-tools/yarn/yarn-bee-dream-spun-yarn/p/ds07660,True,80% Acrylic & 20% Superwash Wool,5 - Bulky,white
1abdcf37-32c3-4bbf-97e9-0d64242b8cdf,Yarn Bee Dream Spun Yarn,Yarn Bee,Ivory,81241513,Ivory,2574390,https://www.hobbylobby.com/yarn-needle-art/yarn-tools/yarn/yarn-bee-dream-spun-yarn/p/ds07660,True,80% Acrylic & 20% Superwash Wool,5 - Bulky,white
4f50f65d-b887-4519-b2b9-f097b0f5c6e7,Yarn Bee Braided Basics XXL,Yarn Bee,Natural,81160656,Golden Natural,2337160,https://www.hobbylobby.com/yarn-needle-art/yarn-tools/yarn/yarn-bee-braided-basics-xxl/p/zi4912-81160656,True,69% Cotton & 31% Polyester,,gold
4f50f65d-b887-4519-b2b9-f097b0f5c6e7,Yarn Bee Braided Basics XXL,Yarn Bee,Olivine,81160681,Golden Natural,2337160,https://www.hobbylobby.com/yarn-needle-art/yarn-tools/yarn/yarn-bee-braided-basics-xxl/p/zi4912-81160656,True,69% Cotton & 31% Polyester,,gold
4f50f65d-b887-4519-b2b9-f097b0f5c6e7,Yarn Bee Braided Basics XXL,Yarn Bee,Golden Natural,81160697,Golden Natural,2337160,https://www.hobbylobby.com/yarn-needle-art/yarn-tools/yarn/yarn-bee-braided-basics-xxl/p/zi4912-81160656,True,69% Cotton & 31% Polyester,,gold
8a4def4c-6764-470e-9c60-813fd4abb8fe,Yarn Bee Pearlspun Low Pill Fiber Yarn,Yarn Bee,01 Pearl,81079533,12 Malayan Garnet,2296820,https://www.hobbylobby.com/yarn-needle-art/yarn-tools/yarn/yarn-bee-pearlspun-low-pill-fiber-yarn/p/prlspn22,True,100% Low Pill Acrylic,4 - Medium,red
8a4def4c-6764-470e-9c60-813fd4abb8fe,Yarn Bee Pearlspun Low Pill Fiber Yarn,Yarn Bee,02 Pale Taupe,81079534,12 Malayan Garnet,2296820,https://www.hobbylobby.com/yarn-needle-art/yarn-tools/yarn/yarn-bee-pearlspun-low-pill-fiber-yarn/p/prlspn22,True,100% Low Pill Acrylic,4 - Medium,red
8a4def4c-6764-470e-9c60-813fd4abb8fe,Yarn Bee Pearlspun Low Pill Fiber Yarn,Yarn Bee,03 Gunmetal,81079535,12 Malayan Garnet,2296820,https://www.hobbylobby.com/yarn-needle-art/yarn-tools/yarn/yarn-bee-pearlspun-low-pill-fiber-yarn/p/prlspn22,True,100% Low Pill Acrylic,4 - Medium,red
8a4def4c-6764-470e-9c60-813fd4abb8fe,Yarn Bee Pearlspun Low Pill Fiber Yarn,Yarn Bee,04 Jade,81079536,12 Malayan Garnet,2296820,https://www.hobbylobby.com/yarn-needle-art/yarn-tools/yarn/yarn-bee-pearlspun-low-pill-fiber-yarn/p/prlspn22,True,100% Low Pill Acrylic,4 - Medium,red
8a4def4c-6764-470e-9c60-813fd4abb8fe,Yarn Bee Pearlspun Low Pill Fiber Yarn,Yarn Bee,05 Moss,81079537,12 Malayan Garnet,2296820,https://www.hobbylobby.com/yarn-needle-art/yarn-tools/yarn/yarn-bee-pearlspun-low-pill-fiber-yarn/p/prlspn22,True,100% Low Pill Acrylic,4 - Medium,red
8a4def4c-6764-470e-9c60-813fd4abb8fe,Yarn Bee Pearlspun Low Pill Fiber Yarn,Yarn Bee,06 Rust,81079538,12 Malayan Garnet,2296820,https://www.hobbylobby.com/yarn-needle-art/yarn-tools/yarn/yarn-bee-pearlspun-low-pill-fiber-yarn/p/prlspn22,True,100% Low Pill Acrylic,4 - Medium,red
8a4def4c-6764-470e-9c60-813fd4abb8fe,Yarn Bee Pearlspun Low Pill Fiber Yarn,Yarn Bee,07 Citrine Dream,81141702,12 Malayan Garnet,2296820,https://www.hobbylobby.com/yarn-needle-art/yarn-tools/yarn/yarn-bee-pearlspun-low-pill-fiber-yarn/p/prlspn22,True,100% Low Pill Acrylic,4 - Medium,red
8a4def4c-6764-470e-9c60-813fd4abb8fe,Yarn Bee Pearlspun Low Pill Fiber Yarn,Yarn Bee,08 Majestic Plum,81141703,12 Malayan Garnet,2296820,https://www.hobbylobby.com/yarn-needle-art/yarn-tools/yarn/yarn-bee-pearlspun-low-pill-fiber-yarn/p/prlspn22,True,100% Low Pill Acrylic,4 - Medium,red
8a4def4c-6764-470e-9c60-813fd4abb8fe,Yarn Bee Pearlspun Low Pill Fiber Yarn,Yarn Bee,09 Hazy Hazel,81141704,12 Malayan Garnet,2296820,https://www.hobbylobby.com/yarn-needle-art/yarn-tools/yarn/yarn-bee-pearlspun-low-pill-fiber-yarn/p/prlspn22,True,100% Low Pill Acrylic,4 - Medium,red
8a4def4c-6764-470e-9c60-813fd4abb8fe,Yarn Bee Pearlspun Low Pill Fiber Yarn,Yarn Bee,10 Matcha Mondays,81141705,12 Malayan Garnet,2296820,https://www.hobbylobby.com/yarn-needle-art/yarn-tools/yarn/yarn-bee-pearlspun-low-pill-fiber-yarn/p/prlspn22,True,100% Low Pill Acrylic,4 - Medium,red
8a4def4c-6764-470e-9c60-813fd4abb8fe,Yarn Bee Pearlspun Low Pill Fiber Yarn,Yarn Bee,11 Redwood,81141706,12 Malayan Garnet,2296820,https://www.hobbylobby.com/yarn-needle-art/yarn-tools/yarn/yarn-bee-pearlspun-low-pill-fiber-yarn/p/prlspn22,True,100% Low Pill Acrylic,4 - Medium,red
8a4def4c-6764-470e-9c60-813fd4abb8fe,Yarn Bee Pearlspun Low Pill Fiber Yarn,Yarn Bee,12 Malayan Garnet,81141707,12 Malayan Garnet,2296820,https://www.hobbylobby.com/yarn-needle-art/yarn-tools/yarn/yarn-bee-pearlspun-low-pill-fiber-yarn/p/prlspn22,True,100% Low Pill Acrylic,4 - Medium,red
1be7883d-097f-4e82-b7d5-fa4a55f4d2c5,Yarn Bee Eternal Bliss Yarn,Yarn Bee,Pink Variegated,81235087,Black Variegated,2554152,https://www.hobbylobby.com/yarn-needle-art/yarn-tools/yarn/yarn-bee-eternal-bliss-yarn/p/p81235087,True,100% Polyester,7 - Jumbo,black
1be7883d-097f-4e82-b7d5-fa4a55f4d2c5,Yarn Bee Eternal Bliss Yarn,Yarn Bee,Variegated Blue,81235089,Black Variegated,2554152,https://www.hobbylobby.com/yarn-needle-art/yarn-tools/yarn/yarn-bee-eternal-bliss-yarn/p/p81235087,True,100% Polyester,7 - Jumbo,black
1be7883d-097f-4e82-b7d5-fa4a55f4d2c5,Yarn Bee Eternal Bliss Yarn,Yarn Bee,Gray Variegated,81235086,Black Variegated,2554152,https://www.hobbylobby.com/yarn-needle-art/yarn-tools/yarn/yarn-bee-eternal-bliss-yarn/p/p81235087,True,100% Polyester,7 - Jumbo,black
1be7883d-097f-4e82-b7d5-fa4a55f4d2c5,Yarn Bee Eternal Bliss Yarn,Yarn Bee,Black Variegated,81235091,Black Variegated,2554152,https://www.hobbylobby.com/yarn-needle-art/yarn-tools/yarn/yarn-bee-eternal-bliss-yarn/p/p81235087,True,100% Polyester,7 - Jumbo,black
1be7883d-097f-4e82-b7d5-fa4a55f4d2c5,Yarn Bee Eternal Bliss Yarn,Yarn Bee,Green Variegated,81235088,Black Variegated,2554152,https://www.hobbylobby.com/yarn-needle-art/yarn-tools/yarn/yarn-bee-eternal-bliss-yarn/p/p81235087,True,100% Polyester,7 - Jumbo,black
ff284fac-7e5d-4442-9b23-ad59971f6f1d,Yarn Bee Ethereal Eyelash Yarn,Yarn Bee,01 Ivory,81079765,06 Smoked Lavender,2204303,https://www.hobbylobby.com/yarn-needle-art/yarn-tools/yarn/yarn-bee-ethereal-eyelash-yarn/p/art48,True,75% Acrylic & 25% Polyamide,5 - Bulky,purple
ff284fac-7e5d-4442-9b23-ad59971f6f1d,Yarn Bee Ethereal Eyelash Yarn,Yarn Bee,02 Oat,81079767,06 Smoked Lavender,2204303,https://www.hobbylobby.com/yarn-needle-art/yarn-tools/yarn/yarn-bee-ethereal-eyelash-yarn/p/art48,True,75% Acrylic & 25% Polyamide,5 - Bulky,purple
ff284fac-7e5d-4442-9b23-ad59971f6f1d,Yarn Bee Ethereal Eyelash Yarn,Yarn Bee,03 Muted Jade,81079771,06 Smoked Lavender,2204303,https://www.hobbylobby.com/yarn-needle-art/yarn-tools/yarn/yarn-bee-ethereal-eyelash-yarn/p/art48,True,75% Acrylic & 25% Polyamide,5 - Bulky,purple
ff284fac-7e5d-4442-9b23-ad59971f6f1d,Yarn Bee Ethereal Eyelash Yarn,Yarn Bee,05 Dusty Rose,81079776,06 Smoked Lavender,2204303,https://www.hobbylobby.com/yarn-needle-art/yarn-tools/yarn/yarn-bee-ethereal-eyelash-yarn/p/art48,True,75% Acrylic & 25% Polyamide,5 - Bulky,purple
ff284fac-7e5d-4442-9b23-ad59971f6f1d,Yarn Bee Ethereal Eyelash Yarn,Yarn Bee,06 Smoked Lavender,81079777,06 Smoked Lavender,2204303,https://www.hobbylobby.com/yarn-needle-art/yarn-tools/yarn/yarn-bee-ethereal-eyelash-yarn/p/art48,True,75% Acrylic & 25% Polyamide,5 - Bulky,purple
429e83c5-5d7d-4470-b6e5-ee0288b36006,Metallic I Love This Yarn,I Love this Yarn,740 Royalty,141261,766 Teal Sparkle,1839836,https://www.hobbylobby.com/yarn-needle-art/yarn-tools/yarn/metallic-i-love-this-yarn/p/my349188,True,97% Acrylic & 3% Metallic Polyester,4 - Medium,bluegreen
429e83c5-5d7d-4470-b6e5-ee0288b36006,Metallic I Love This Yarn,I Love this Yarn,730 White,36447,766 Teal Sparkle,1839836,https://www.hobbylobby.com/yarn-needle-art/yarn-tools/yarn/metallic-i-love-this-yarn/p/my349188,True,97% Acrylic & 3% Metallic Polyester,4 - Medium,bluegreen
429e83c5-5d7d-4470-b6e5-ee0288b36006,Metallic I Love This Yarn,I Love this Yarn,736 Red,36448,766 Teal Sparkle,1839836,https://www.hobbylobby.com/yarn-needle-art/yarn-tools/yarn/metallic-i-love-this-yarn/p/my349188,True,97% Acrylic & 3% Metallic Polyester,4 - Medium,bluegreen
429e83c5-5d7d-4470-b6e5-ee0288b36006,Metallic I Love This Yarn,I Love this Yarn,738 Christmas,36449,766 Teal Sparkle,1839836,https://www.hobbylobby.com/yarn-needle-art/yarn-tools/yarn/metallic-i-love-this-yarn/p/my349188,True,97% Acrylic & 3% Metallic Polyester,4 - Medium,bluegreen
429e83c5-5d7d-4470-b6e5-ee0288b36006,Metallic I Love This Yarn,I Love this Yarn,732 Ivory,36450,766 Teal Sparkle,1839836,https://www.hobbylobby.com/yarn-needle-art/yarn-tools/yarn/metallic-i-love-this-yarn/p/my349188,True,97% Acrylic & 3% Metallic Polyester,4 - Medium,bluegreen
429e83c5-5d7d-4470-b6e5-ee0288b36006,Metallic I Love This Yarn,I Love this Yarn,734 Black,36451,766 Teal Sparkle,1839836,https://www.hobbylobby.com/yarn-needle-art/yarn-tools/yarn/metallic-i-love-this-yarn/p/my349188,True,97% Acrylic & 3% Metallic Polyester,4 - Medium,bluegreen
429e83c5-5d7d-4470-b6e5-ee0288b36006,Metallic I Love This Yarn,I Love this Yarn,742 Peacock,37037,766 Teal Sparkle,1839836,https://www.hobbylobby.com/yarn-needle-art/yarn-tools/yarn/metallic-i-love-this-yarn/p/my349188,True,97% Acrylic & 3% Metallic Polyester,4 - Medium,bluegreen
429e83c5-5d7d-4470-b6e5-ee0288b36006,Metallic I Love This Yarn,I Love this Yarn,750 Pinky Toes,37038,766 Teal Sparkle,1839836,https://www.hobbylobby.com/yarn-needle-art/yarn-tools/yarn/metallic-i-love-this-yarn/p/my349188,True,97% Acrylic & 3% Metallic Polyester,4 - Medium,bluegreen
429e83c5-5d7d-4470-b6e5-ee0288b36006,Metallic I Love This Yarn,I Love this Yarn,746 Grapette,37141,766 Teal Sparkle,1839836,https://www.hobbylobby.com/yarn-needle-art/yarn-tools/yarn/metallic-i-love-this-yarn/p/my349188,True,97% Acrylic & 3% Metallic Polyester,4 - Medium,bluegreen
429e83c5-5d7d-4470-b6e5-ee0288b36006,Metallic I Love This Yarn,I Love this Yarn,744 Jelly Bean,37142,766 Teal Sparkle,1839836,https://www.hobbylobby.com/yarn-needle-art/yarn-tools/yarn/metallic-i-love-this-yarn/p/my349188,True,97% Acrylic & 3% Metallic Polyester,4 - Medium,bluegreen
429e83c5-5d7d-4470-b6e5-ee0288b36006,Metallic I Love This Yarn,I Love this Yarn,758 Blush Sparkle,80844455,766 Teal Sparkle,1839836,https://www.hobbylobby.com/yarn-needle-art/yarn-tools/yarn/metallic-i-love-this-yarn/p/my349188,True,97% Acrylic & 3% Metallic Polyester,4 - Medium,bluegreen
429e83c5-5d7d-4470-b6e5-ee0288b36006,Metallic I Love This Yarn,I Love this Yarn,760 Coral Sparkle,80844457,766 Teal Sparkle,1839836,https://www.hobbylobby.com/yarn-needle-art/yarn-tools/yarn/metallic-i-love-this-yarn/p/my349188,True,97% Acrylic & 3% Metallic Polyester,4 - Medium,bluegreen
429e83c5-5d7d-4470-b6e5-ee0288b36006,Metallic I Love This Yarn,I Love this Yarn,762 Aqua Sparkle,80844458,766 Teal Sparkle,1839836,https://www.hobbylobby.com/yarn-needle-art/yarn-tools/yarn/metallic-i-love-this-yarn/p/my349188,True,97% Acrylic & 3% Metallic Polyester,4 - Medium,bluegreen
429e83c5-5d7d-4470-b6e5-ee0288b36006,Metallic I Love This Yarn,I Love this Yarn,764 Lavender Sparkle,80896104,766 Teal Sparkle,1839836,https://www.hobbylobby.com/yarn-needle-art/yarn-tools/yarn/metallic-i-love-this-yarn/p/my349188,True,97% Acrylic & 3% Metallic Polyester,4 - Medium,bluegreen
429e83c5-5d7d-4470-b6e5-ee0288b36006,Metallic I Love This Yarn,I Love this Yarn,766 Teal Sparkle,80953374,766 Teal Sparkle,1839836,https://www.hobbylobby.com/yarn-needle-art/yarn-tools/yarn/metallic-i-love-this-yarn/p/my349188,True,97% Acrylic & 3% Metallic Polyester,4 - Medium,bluegreen
b916a2e4-2772-433e-a323-38823f77409f,Yarn Bee Braided Basics Small Yarn,Yarn Bee,Olivine,81160642,Golden Natural,2337137,https://www.hobbylobby.com/yarn-needle-art/yarn-tools/yarn/yarn-bee-braided-basics-small-yarn/p/ct4912-81160632,True,,3 - Light,beige
b916a2e4-2772-433e-a323-38823f77409f,Yarn Bee Braided Basics Small Yarn,Yarn Bee,Golden Natural,81160650,Golden Natural,2337137,https://www.hobbylobby.com/yarn-needle-art/yarn-tools/yarn/yarn-bee-braided-basics-small-yarn/p/ct4912-81160632,True,,3 - Light,beige
b916a2e4-2772-433e-a323-38823f77409f,Yarn Bee Braided Basics Small Yarn,Yarn Bee,Natural,81160632,Golden Natural,2337137,https://www.hobbylobby.com/yarn-needle-art/yarn-tools/yarn/yarn-bee-braided-basics-small-yarn/p/ct4912-81160632,True,,3 - Light,beige
2a4e94d8-4476-458b-a0e6-1d7015a8eb31,Yarn Bee Fundamental Cotton Yarn,Yarn Bee,01 White,81042254,02 Canary,2204782,https://www.hobbylobby.com/yarn-needle-art/yarn-tools/yarn/yarn-bee-fundamental-cotton-yarn/p/art64yarn,True,100% Mercerized Cotton,4 - Medium,yellow
2a4e94d8-4476-458b-a0e6-1d7015a8eb31,Yarn Bee Fundamental Cotton Yarn,Yarn Bee,45 Lipstick Red,81042255,02 Canary,2204782,https://www.hobbylobby.com/yarn-needle-art/yarn-tools/yarn/yarn-bee-fundamental-cotton-yarn/p/art64yarn,True,100% Mercerized Cotton,4 - Medium,yellow
2a4e94d8-4476-458b-a0e6-1d7015a8eb31,Yarn Bee Fundamental Cotton Yarn,Yarn Bee,24 Camel,81042256,02 Canary,2204782,https://www.hobbylobby.com/yarn-needle-art/yarn-tools/yarn/yarn-bee-fundamental-cotton-yarn/p/art64yarn,True,100% Mercerized Cotton,4 - Medium,yellow
2a4e94d8-4476-458b-a0e6-1d7015a8eb31,Yarn Bee Fundamental Cotton Yarn,Yarn Bee,99 Black,81042261,02 Canary,2204782,https://www.hobbylobby.com/yarn-needle-art/yarn-tools/yarn/yarn-bee-fundamental-cotton-yarn/p/art64yarn,True,100% Mercerized Cotton,4 - Medium,yellow
2a4e94d8-4476-458b-a0e6-1d7015a8eb31,Yarn Bee Fundamental Cotton Yarn,Yarn Bee,18 Ivory,81080281,02 Canary,2204782,https://www.hobbylobby.com/yarn-needle-art/yarn-tools/yarn/yarn-bee-fundamental-cotton-yarn/p/art64yarn,True,100% Mercerized Cotton,4 - Medium,yellow
2a4e94d8-4476-458b-a0e6-1d7015a8eb31,Yarn Bee Fundamental Cotton Yarn,Yarn Bee,27 Coffee,81080283,02 Canary,2204782,https://www.hobbylobby.com/yarn-needle-art/yarn-tools/yarn/yarn-bee-fundamental-cotton-yarn/p/art64yarn,True,100% Mercerized Cotton,4 - Medium,yellow
2a4e94d8-4476-458b-a0e6-1d7015a8eb31,Yarn Bee Fundamental Cotton Yarn,Yarn Bee,20 Beige,81080284,02 Canary,2204782,https://www.hobbylobby.com/yarn-needle-art/yarn-tools/yarn/yarn-bee-fundamental-cotton-yarn/p/art64yarn,True,100% Mercerized Cotton,4 - Medium,yellow
2a4e94d8-4476-458b-a0e6-1d7015a8eb31,Yarn Bee Fundamental Cotton Yarn,Yarn Bee,88 Olive,81080286,02 Canary,2204782,https://www.hobbylobby.com/yarn-needle-art/yarn-tools/yarn/yarn-bee-fundamental-cotton-yarn/p/art64yarn,True,100% Mercerized Cotton,4 - Medium,yellow
2a4e94d8-4476-458b-a0e6-1d7015a8eb31,Yarn Bee Fundamental Cotton Yarn,Yarn Bee,63 Peacock,81080287,02 Canary,2204782,https://www.hobbylobby.com/yarn-needle-art/yarn-tools/yarn/yarn-bee-fundamental-cotton-yarn/p/art64yarn,True,100% Mercerized Cotton,4 - Medium,yellow
2a4e94d8-4476-458b-a0e6-1d7015a8eb31,Yarn Bee Fundamental Cotton Yarn,Yarn Bee,02 Canary,81080291,02 Canary,2204782,https://www.hobbylobby.com/yarn-needle-art/yarn-tools/yarn/yarn-bee-fundamental-cotton-yarn/p/art64yarn,True,100% Mercerized Cotton,4 - Medium,yellow
0e214d6f-fc2a-4c76-8ed1-39d33a4a1f6e,Yarn Bee Simply Flawless Yarn,Yarn Bee,04 Desert Sage,81079751,18 Cobblestone,2423218,https://www.hobbylobby.com/yarn-needle-art/yarn-tools/yarn/yarn-bee-simply-flawless-yarn/p/smpflwls22,True,100% Low Pill Acrylic,3 - Light,blue
0e214d6f-fc2a-4c76-8ed1-39d33a4a1f6e,Yarn Bee Simply Flawless Yarn,Yarn Bee,05 Sunwashed Riviera,81079753,18 Cobblestone,2423218,https://www.hobbylobby.com/yarn-needle-art/yarn-tools/yarn/yarn-bee-simply-flawless-yarn/p/smpflwls22,True,100% Low Pill Acrylic,3 - Light,blue
0e214d6f-fc2a-4c76-8ed1-39d33a4a1f6e,Yarn Bee Simply Flawless Yarn,Yarn Bee,06 Petalscape,81079754,18 Cobblestone,2423218,https://www.hobbylobby.com/yarn-needle-art/yarn-tools/yarn/yarn-bee-simply-flawless-yarn/p/smpflwls22,True,100% Low Pill Acrylic,3 - Light,blue
0e214d6f-fc2a-4c76-8ed1-39d33a4a1f6e,Yarn Bee Simply Flawless Yarn,Yarn Bee,10 White,81185101,18 Cobblestone,2423218,https://www.hobbylobby.com/yarn-needle-art/yarn-tools/yarn/yarn-bee-simply-flawless-yarn/p/smpflwls22,True,100% Low Pill Acrylic,3 - Light,blue
0e214d6f-fc2a-4c76-8ed1-39d33a4a1f6e,Yarn Bee Simply Flawless Yarn,Yarn Bee,16 Ivory,81185106,18 Cobblestone,2423218,https://www.hobbylobby.com/yarn-needle-art/yarn-tools/yarn/yarn-bee-simply-flawless-yarn/p/smpflwls22,True,100% Low Pill Acrylic,3 - Light,blue
0e214d6f-fc2a-4c76-8ed1-39d33a4a1f6e,Yarn Bee Simply Flawless Yarn,Yarn Bee,14 Olive,81185108,18 Cobblestone,2423218,https://www.hobbylobby.com/yarn-needle-art/yarn-tools/yarn/yarn-bee-simply-flawless-yarn/p/smpflwls22,True,100% Low Pill Acrylic,3 - Light,blue
0e214d6f-fc2a-4c76-8ed1-39d33a4a1f6e,Yarn Bee Simply Flawless Yarn,Yarn Bee,12 Black,81185109,18 Cobblestone,2423218,https://www.hobbylobby.com/yarn-needle-art/yarn-tools/yarn/yarn-bee-simply-flawless-yarn/p/smpflwls22,True,100% Low Pill Acrylic,3 - Light,blue
0e214d6f-fc2a-4c76-8ed1-39d33a4a1f6e,Yarn Bee Simply Flawless Yarn,Yarn Bee,20 Teal,81185111,18 Cobblestone,2423218,https://www.hobbylobby.com/yarn-needle-art/yarn-tools/yarn/yarn-bee-simply-flawless-yarn/p/smpflwls22,True,100% Low Pill Acrylic,3 - Light,blue
0e214d6f-fc2a-4c76-8ed1-39d33a4a1f6e,Yarn Bee Simply Flawless Yarn,Yarn Bee,18 Cobblestone,81185118,18 Cobblestone,2423218,https://www.hobbylobby.com/yarn-needle-art/yarn-tools/yarn/yarn-bee-simply-flawless-yarn/p/smpflwls22,True,100% Low Pill Acrylic,3 - Light,blue
0c9bf109-b646-479e-b794-d2161aa4329a,Yarn Bee Scrub-Ology Yarn,Yarn Bee,01 White,81086999,06 Silver,1333277,https://www.hobbylobby.com/yarn-needle-art/yarn-tools/yarn/yarn-bee-scrub-ology-yarn/p/p81086999,True,100% Polyester,4 - Medium,silver
0c9bf109-b646-479e-b794-d2161aa4329a,Yarn Bee Scrub-Ology Yarn,Yarn Bee,04 Yellow,81087001,06 Silver,1333277,https://www.hobbylobby.com/yarn-needle-art/yarn-tools/yarn/yarn-bee-scrub-ology-yarn/p/p81086999,True,100% Polyester,4 - Medium,silver
0c9bf109-b646-479e-b794-d2161aa4329a,Yarn Bee Scrub-Ology Yarn,Yarn Bee,07 Orange,81087003,06 Silver,1333277,https://www.hobbylobby.com/yarn-needle-art/yarn-tools/yarn/yarn-bee-scrub-ology-yarn/p/p81086999,True,100% Polyester,4 - Medium,silver
0c9bf109-b646-479e-b794-d2161aa4329a,Yarn Bee Scrub-Ology Yarn,Yarn Bee,02 Red,81087004,06 Silver,1333277,https://www.hobbylobby.com/yarn-needle-art/yarn-tools/yarn/yarn-bee-scrub-ology-yarn/p/p81086999,True,100% Polyester,4 - Medium,silver
0c9bf109-b646-479e-b794-d2161aa4329a,Yarn Bee Scrub-Ology Yarn,Yarn Bee,08 Holograph,81087005,06 Silver,1333277,https://www.hobbylobby.com/yarn-needle-art/yarn-tools/yarn/yarn-bee-scrub-ology-yarn/p/p81086999,True,100% Polyester,4 - Medium,silver
0c9bf109-b646-479e-b794-d2161aa4329a,Yarn Bee Scrub-Ology Yarn,Yarn Bee,05 Blue,81087006,06 Silver,1333277,https://www.hobbylobby.com/yarn-needle-art/yarn-tools/yarn/yarn-bee-scrub-ology-yarn/p/p81086999,True,100% Polyester,4 - Medium,silver
0c9bf109-b646-479e-b794-d2161aa4329a,Yarn Bee Scrub-Ology Yarn,Yarn Bee,03 Green,81087007,06 Silver,1333277,https://www.hobbylobby.com/yarn-needle-art/yarn-tools/yarn/yarn-bee-scrub-ology-yarn/p/p81086999,True,100% Polyester,4 - Medium,silver
0c9bf109-b646-479e-b794-d2161aa4329a,Yarn Bee Scrub-Ology Yarn,Yarn Bee,06 Silver,81087008,06 Silver,1333277,https://www.hobbylobby.com/yarn-needle-art/yarn-tools/yarn/yarn-bee-scrub-ology-yarn/p/p81086999,True,100% Polyester,4 - Medium,silver
2b38dda6-4ab3-41fe-84f3-225178af8da4,Gradient I Love This Yarn,I Love this Yarn,5000 Pastels,36666,5002 Citrus Punch,340125,https://www.hobbylobby.com/yarn-needle-art/yarn-tools/yarn/gradient-i-love-this-yarn/p/gy68596,True,100% Acrylic,4 - Medium,multi
2b38dda6-4ab3-41fe-84f3-225178af8da4,Gradient I Love This Yarn,I Love this Yarn,5001 Brights,96077,5002 Citrus Punch,340125,https://www.hobbylobby.com/yarn-needle-art/yarn-tools/yarn/gradient-i-love-this-yarn/p/gy68596,True,100% Acrylic,4 - Medium,multi
2b38dda6-4ab3-41fe-84f3-225178af8da4,Gradient I Love This Yarn,I Love this Yarn,5002 Citrus Punch,96099,5002 Citrus Punch,340125,https://www.hobbylobby.com/yarn-needle-art/yarn-tools/yarn/gradient-i-love-this-yarn/p/gy68596,True,100% Acrylic,4 - Medium,multi
c2525073-1afc-4fa2-887c-8aa87759eec6,Baby Bee Cuddly One Yarn,Baby Bee,5 Toy Elephant,80953411,16 Surf Baby,2429843,https://www.hobbylobby.com/yarn-needle-art/yarn-tools/yarn/baby-bee-cuddly-one-yarn/p/co74858,True,100% Polyester,7 - Jumbo,blue
c2525073-1afc-4fa2-887c-8aa87759eec6,Baby Bee Cuddly One Yarn,Baby Bee,1 Pink-A-Boo,80953412,16 Surf Baby,2429843,https://www.hobbylobby.com/yarn-needle-art/yarn-tools/yarn/baby-bee-cuddly-one-yarn/p/co74858,True,100% Polyester,7 - Jumbo,blue
c2525073-1afc-4fa2-887c-8aa87759eec6,Baby Bee Cuddly One Yarn,Baby Bee,2 Baby's Blue,80953413,16 Surf Baby,2429843,https://www.hobbylobby.com/yarn-needle-art/yarn-tools/yarn/baby-bee-cuddly-one-yarn/p/co74858,True,100% Polyester,7 - Jumbo,blue
c2525073-1afc-4fa2-887c-8aa87759eec6,Baby Bee Cuddly One Yarn,Baby Bee,4 Sugarplum,80953415,16 Surf Baby,2429843,https://www.hobbylobby.com/yarn-needle-art/yarn-tools/yarn/baby-bee-cuddly-one-yarn/p/co74858,True,100% Polyester,7 - Jumbo,blue
c2525073-1afc-4fa2-887c-8aa87759eec6,Baby Bee Cuddly One Yarn,Baby Bee,6 Fast Asleep,80953416,16 Surf Baby,2429843,https://www.hobbylobby.com/yarn-needle-art/yarn-tools/yarn/baby-bee-cuddly-one-yarn/p/co74858,True,100% Polyester,7 - Jumbo,blue
c2525073-1afc-4fa2-887c-8aa87759eec6,Baby Bee Cuddly One Yarn,Baby Bee,08 Sunkisses,81040199,16 Surf Baby,2429843,https://www.hobbylobby.com/yarn-needle-art/yarn-tools/yarn/baby-bee-cuddly-one-yarn/p/co74858,True,100% Polyester,7 - Jumbo,blue
c2525073-1afc-4fa2-887c-8aa87759eec6,Baby Bee Cuddly One Yarn,Baby Bee,12 Jumping Junipers,81076281,16 Surf Baby,2429843,https://www.hobbylobby.com/yarn-needle-art/yarn-tools/yarn/baby-bee-cuddly-one-yarn/p/co74858,True,100% Polyester,7 - Jumbo,blue
c2525073-1afc-4fa2-887c-8aa87759eec6,Baby Bee Cuddly One Yarn,Baby Bee,14 Blanket of Snow,81186531,16 Surf Baby,2429843,https://www.hobbylobby.com/yarn-needle-art/yarn-tools/yarn/baby-bee-cuddly-one-yarn/p/co74858,True,100% Polyester,7 - Jumbo,blue
c2525073-1afc-4fa2-887c-8aa87759eec6,Baby Bee Cuddly One Yarn,Baby Bee,16 Surf Baby,81186532,16 Surf Baby,2429843,https://www.hobbylobby.com/yarn-needle-art/yarn-tools/yarn/baby-bee-cuddly-one-yarn/p/co74858,True,100% Polyester,7 - Jumbo,blue
a84bac85-bf98-41d5-9817-37ed825d97fe,Stitch Soak Scrub Yarn,Lion Brand,Coconut Milk,81141508,Blue Indigo,2296341,https://www.hobbylobby.com/yarn-needle-art/yarn-tools/yarn/stitch-soak-scrub-yarn/p/sssc23,True,100% Nylon,4 - Medium,blue
a84bac85-bf98-41d5-9817-37ed825d97fe,Stitch Soak Scrub Yarn,Lion Brand,Blue Indigo,81141509,Blue Indigo,2296341,https://www.hobbylobby.com/yarn-needle-art/yarn-tools/yarn/stitch-soak-scrub-yarn/p/sssc23,True,100% Nylon,4 - Medium,blue
6b1e97ed-c5b0-469f-b70d-a18707259e47,Sport Weight I Love This Yarn,I Love this Yarn,10 White,36005,400 Amethyst,2286292,https://www.hobbylobby.com/yarn-needle-art/yarn-tools/yarn/sport-weight-i-love-this-yarn/p/yn20320,True,100% Acrylic,3 - Light,purple
6b1e97ed-c5b0-469f-b70d-a18707259e47,Sport Weight I Love This Yarn,I Love this Yarn,20 Ivory,36006,400 Amethyst,2286292,https://www.hobbylobby.com/yarn-needle-art/yarn-tools/yarn/sport-weight-i-love-this-yarn/p/yn20320,True,100% Acrylic,3 - Light,purple
6b1e97ed-c5b0-469f-b70d-a18707259e47,Sport Weight I Love This Yarn,I Love this Yarn,30 Black,36007,400 Amethyst,2286292,https://www.hobbylobby.com/yarn-needle-art/yarn-tools/yarn/sport-weight-i-love-this-yarn/p/yn20320,True,100% Acrylic,3 - Light,purple
6b1e97ed-c5b0-469f-b70d-a18707259e47,Sport Weight I Love This Yarn,I Love this Yarn,40 Red,36008,400 Amethyst,2286292,https://www.hobbylobby.com/yarn-needle-art/yarn-tools/yarn/sport-weight-i-love-this-yarn/p/yn20320,True,100% Acrylic,3 - Light,purple
6b1e97ed-c5b0-469f-b70d-a18707259e47,Sport Weight I Love This Yarn,I Love this Yarn,185 Green,36014,400 Amethyst,2286292,https://www.hobbylobby.com/yarn-needle-art/yarn-tools/yarn/sport-weight-i-love-this-yarn/p/yn20320,True,100% Acrylic,3 - Light,purple
6b1e97ed-c5b0-469f-b70d-a18707259e47,Sport Weight I Love This Yarn,I Love this Yarn,200 Orange,36406,400 Amethyst,2286292,https://www.hobbylobby.com/yarn-needle-art/yarn-tools/yarn/sport-weight-i-love-this-yarn/p/yn20320,True,100% Acrylic,3 - Light,purple
6b1e97ed-c5b0-469f-b70d-a18707259e47,Sport Weight I Love This Yarn,I Love this Yarn,210 Sun Yellow,36407,400 Amethyst,2286292,https://www.hobbylobby.com/yarn-needle-art/yarn-tools/yarn/sport-weight-i-love-this-yarn/p/yn20320,True,100% Acrylic,3 - Light,purple
6b1e97ed-c5b0-469f-b70d-a18707259e47,Sport Weight I Love This Yarn,I Love this Yarn,230 Pink,36409,400 Amethyst,2286292,https://www.hobbylobby.com/yarn-needle-art/yarn-tools/yarn/sport-weight-i-love-this-yarn/p/yn20320,True,100% Acrylic,3 - Light,purple
6b1e97ed-c5b0-469f-b70d-a18707259e47,Sport Weight I Love This Yarn,I Love this Yarn,235 Brown,80952947,400 Amethyst,2286292,https://www.hobbylobby.com/yarn-needle-art/yarn-tools/yarn/sport-weight-i-love-this-yarn/p/yn20320,True,100% Acrylic,3 - Light,purple
6b1e97ed-c5b0-469f-b70d-a18707259e47,Sport Weight I Love This Yarn,I Love this Yarn,240 Cranberry,80952948,400 Amethyst,2286292,https://www.hobbylobby.com/yarn-needle-art/yarn-tools/yarn/sport-weight-i-love-this-yarn/p/yn20320,True,100% Acrylic,3 - Light,purple
6b1e97ed-c5b0-469f-b70d-a18707259e47,Sport Weight I Love This Yarn,I Love this Yarn,600 Hot Rose,81138694,400 Amethyst,2286292,https://www.hobbylobby.com/yarn-needle-art/yarn-tools/yarn/sport-weight-i-love-this-yarn/p/yn20320,True,100% Acrylic,3 - Light,purple
6b1e97ed-c5b0-469f-b70d-a18707259e47,Sport Weight I Love This Yarn,I Love this Yarn,400 Amethyst,81138695,400 Amethyst,2286292,https://www.hobbylobby.com/yarn-needle-art/yarn-tools/yarn/sport-weight-i-love-this-yarn/p/yn20320,True,100% Acrylic,3 - Light,purple
222c3f74-76f9-4496-90e4-b61d24cb66a7,Yarn Bee Fur The Moment Yarn,Yarn Bee,1 Cream,80953395,32 Frosted Mauve,2195766,https://www.hobbylobby.com/yarn-needle-art/yarn-tools/yarn/yarn-bee-fur-the-moment-yarn/p/fm74661,True,100% Polyester,6 - Super Bulky,pink
222c3f74-76f9-4496-90e4-b61d24cb66a7,Yarn Bee Fur The Moment Yarn,Yarn Bee,14 Soft Pink,80953396,32 Frosted Mauve,2195766,https://www.hobbylobby.com/yarn-needle-art/yarn-tools/yarn/yarn-bee-fur-the-moment-yarn/p/fm74661,True,100% Polyester,6 - Super Bulky,pink
222c3f74-76f9-4496-90e4-b61d24cb66a7,Yarn Bee Fur The Moment Yarn,Yarn Bee,13 Mink,80953399,32 Frosted Mauve,2195766,https://www.hobbylobby.com/yarn-needle-art/yarn-tools/yarn/yarn-bee-fur-the-moment-yarn/p/fm74661,True,100% Polyester,6 - Super Bulky,pink
222c3f74-76f9-4496-90e4-b61d24cb66a7,Yarn Bee Fur The Moment Yarn,Yarn Bee,15 Wolf,80953400,32 Frosted Mauve,2195766,https://www.hobbylobby.com/yarn-needle-art/yarn-tools/yarn/yarn-bee-fur-the-moment-yarn/p/fm74661,True,100% Polyester,6 - Super Bulky,pink
222c3f74-76f9-4496-90e4-b61d24cb66a7,Yarn Bee Fur The Moment Yarn,Yarn Bee,17 Husky,80953401,32 Frosted Mauve,2195766,https://www.hobbylobby.com/yarn-needle-art/yarn-tools/yarn/yarn-bee-fur-the-moment-yarn/p/fm74661,True,100% Polyester,6 - Super Bulky,pink
222c3f74-76f9-4496-90e4-b61d24cb66a7,Yarn Bee Fur The Moment Yarn,Yarn Bee,26 Chocolate Brown,80953402,32 Frosted Mauve,2195766,https://www.hobbylobby.com/yarn-needle-art/yarn-tools/yarn/yarn-bee-fur-the-moment-yarn/p/fm74661,True,100% Polyester,6 - Super Bulky,pink
222c3f74-76f9-4496-90e4-b61d24cb66a7,Yarn Bee Fur The Moment Yarn,Yarn Bee,30 Black,81076240,32 Frosted Mauve,2195766,https://www.hobbylobby.com/yarn-needle-art/yarn-tools/yarn/yarn-bee-fur-the-moment-yarn/p/fm74661,True,100% Polyester,6 - Super Bulky,pink
222c3f74-76f9-4496-90e4-b61d24cb66a7,Yarn Bee Fur The Moment Yarn,Yarn Bee,32 Frosted Mauve,81076241,32 Frosted Mauve,2195766,https://www.hobbylobby.com/yarn-needle-art/yarn-tools/yarn/yarn-bee-fur-the-moment-yarn/p/fm74661,True,100% Polyester,6 - Super Bulky,pink
e0692259-f3cf-450b-a688-e49393603d30,Ombre Yarn Bee Soft Secret Yarn,Yarn Bee,204 Whisper,35862,500 Blueberry Hill,588855,https://www.hobbylobby.com/yarn-needle-art/yarn-tools/yarn/ombre-yarn-bee-soft-secret-yarn/p/omby21,True,100% Acrylic,4 - Medium,multi
e0692259-f3cf-450b-a688-e49393603d30,Ombre Yarn Bee Soft Secret Yarn,Yarn Bee,500 Blueberry Hill,55874,500 Blueberry Hill,588855,https://www.hobbylobby.com/yarn-needle-art/yarn-tools/yarn/ombre-yarn-bee-soft-secret-yarn/p/omby21,True,100% Acrylic,4 - Medium,multi
06fc849a-5b14-4df7-8079-effea9b1eb4f,Yarn Bee Easygoing Yarn,Yarn Bee,01 Frosting,81079575,Black,2554079,https://www.hobbylobby.com/yarn-needle-art/yarn-tools/yarn/yarn-bee-easygoing-yarn/p/easygoing,True,60% Acrylic & 40% Polyamide,4 - Medium,black
06fc849a-5b14-4df7-8079-effea9b1eb4f,Yarn Bee Easygoing Yarn,Yarn Bee,02 Golden Brown,81079578,Black,2554079,https://www.hobbylobby.com/yarn-needle-art/yarn-tools/yarn/yarn-bee-easygoing-yarn/p/easygoing,True,60% Acrylic & 40% Polyamide,4 - Medium,black
06fc849a-5b14-4df7-8079-effea9b1eb4f,Yarn Bee Easygoing Yarn,Yarn Bee,03 Sky,81079579,Black,2554079,https://www.hobbylobby.com/yarn-needle-art/yarn-tools/yarn/yarn-bee-easygoing-yarn/p/easygoing,True,60% Acrylic & 40% Polyamide,4 - Medium,black
06fc849a-5b14-4df7-8079-effea9b1eb4f,Yarn Bee Easygoing Yarn,Yarn Bee,04 Willow,81079580,Black,2554079,https://www.hobbylobby.com/yarn-needle-art/yarn-tools/yarn/yarn-bee-easygoing-yarn/p/easygoing,True,60% Acrylic & 40% Polyamide,4 - Medium,black
06fc849a-5b14-4df7-8079-effea9b1eb4f,Yarn Bee Easygoing Yarn,Yarn Bee,05 Cottage Rose,81079581,Black,2554079,https://www.hobbylobby.com/yarn-needle-art/yarn-tools/yarn/yarn-bee-easygoing-yarn/p/easygoing,True,60% Acrylic & 40% Polyamide,4 - Medium,black
06fc849a-5b14-4df7-8079-effea9b1eb4f,Yarn Bee Easygoing Yarn,Yarn Bee,07 Egyptian Sandstone,81141708,Black,2554079,https://www.hobbylobby.com/yarn-needle-art/yarn-tools/yarn/yarn-bee-easygoing-yarn/p/easygoing,True,60% Acrylic & 40% Polyamide,4 - Medium,black
06fc849a-5b14-4df7-8079-effea9b1eb4f,Yarn Bee Easygoing Yarn,Yarn Bee,09 Saccharine Citrus,81141710,Black,2554079,https://www.hobbylobby.com/yarn-needle-art/yarn-tools/yarn/yarn-bee-easygoing-yarn/p/easygoing,True,60% Acrylic & 40% Polyamide,4 - Medium,black
06fc849a-5b14-4df7-8079-effea9b1eb4f,Yarn Bee Easygoing Yarn,Yarn Bee,Sage,81235071,Black,2554079,https://www.hobbylobby.com/yarn-needle-art/yarn-tools/yarn/yarn-bee-easygoing-yarn/p/easygoing,True,60% Acrylic & 40% Polyamide,4 - Medium,black
06fc849a-5b14-4df7-8079-effea9b1eb4f,Yarn Bee Easygoing Yarn,Yarn Bee,Black,81235069,Black,2554079,https://www.hobbylobby.com/yarn-needle-art/yarn-tools/yarn/yarn-bee-easygoing-yarn/p/easygoing,True,60% Acrylic & 40% Polyamide,4 - Medium,black
99930ff2-47d2-4614-9449-1b1f5f75ac23,Yarn Bee Scrub-Ology Scrub It Yarn,Yarn Bee,1 White,80891117,12 Green,1963610,https://www.hobbylobby.com/yarn-needle-art/yarn-tools/yarn/yarn-bee-scrub-ology-scrub-it-yarn/p/si02604,True,100% Nylon,5 - Bulky,green
99930ff2-47d2-4614-9449-1b1f5f75ac23,Yarn Bee Scrub-Ology Scrub It Yarn,Yarn Bee,2 Fire Red,80891118,12 Green,1963610,https://www.hobbylobby.com/yarn-needle-art/yarn-tools/yarn/yarn-bee-scrub-ology-scrub-it-yarn/p/si02604,True,100% Nylon,5 - Bulky,green
99930ff2-47d2-4614-9449-1b1f5f75ac23,Yarn Bee Scrub-Ology Scrub It Yarn,Yarn Bee,3 Orange,80891119,12 Green,1963610,https://www.hobbylobby.com/yarn-needle-art/yarn-tools/yarn/yarn-bee-scrub-ology-scrub-it-yarn/p/si02604,True,100% Nylon,5 - Bulky,green
99930ff2-47d2-4614-9449-1b1f5f75ac23,Yarn Bee Scrub-Ology Scrub It Yarn,Yarn Bee,4 Lemon,80891121,12 Green,1963610,https://www.hobbylobby.com/yarn-needle-art/yarn-tools/yarn/yarn-bee-scrub-ology-scrub-it-yarn/p/si02604,True,100% Nylon,5 - Bulky,green
99930ff2-47d2-4614-9449-1b1f5f75ac23,Yarn Bee Scrub-Ology Scrub It Yarn,Yarn Bee,5 Lime,80891122,12 Green,1963610,https://www.hobbylobby.com/yarn-needle-art/yarn-tools/yarn/yarn-bee-scrub-ology-scrub-it-yarn/p/si02604,True,100% Nylon,5 - Bulky,green
99930ff2-47d2-4614-9449-1b1f5f75ac23,Yarn Bee Scrub-Ology Scrub It Yarn,Yarn Bee,6 Aqua,80891123,12 Green,1963610,https://www.hobbylobby.com/yarn-needle-art/yarn-tools/yarn/yarn-bee-scrub-ology-scrub-it-yarn/p/si02604,True,100% Nylon,5 - Bulky,green
99930ff2-47d2-4614-9449-1b1f5f75ac23,Yarn Bee Scrub-Ology Scrub It Yarn,Yarn Bee,7 Blue Thistle,80891124,12 Green,1963610,https://www.hobbylobby.com/yarn-needle-art/yarn-tools/yarn/yarn-bee-scrub-ology-scrub-it-yarn/p/si02604,True,100% Nylon,5 - Bulky,green
99930ff2-47d2-4614-9449-1b1f5f75ac23,Yarn Bee Scrub-Ology Scrub It Yarn,Yarn Bee,8 Bright Pink,80891125,12 Green,1963610,https://www.hobbylobby.com/yarn-needle-art/yarn-tools/yarn/yarn-bee-scrub-ology-scrub-it-yarn/p/si02604,True,100% Nylon,5 - Bulky,green
99930ff2-47d2-4614-9449-1b1f5f75ac23,Yarn Bee Scrub-Ology Scrub It Yarn,Yarn Bee,09 Black,80990613,12 Green,1963610,https://www.hobbylobby.com/yarn-needle-art/yarn-tools/yarn/yarn-bee-scrub-ology-scrub-it-yarn/p/si02604,True,100% Nylon,5 - Bulky,green
99930ff2-47d2-4614-9449-1b1f5f75ac23,Yarn Bee Scrub-Ology Scrub It Yarn,Yarn Bee,10 True Blue,80990615,12 Green,1963610,https://www.hobbylobby.com/yarn-needle-art/yarn-tools/yarn/yarn-bee-scrub-ology-scrub-it-yarn/p/si02604,True,100% Nylon,5 - Bulky,green
99930ff2-47d2-4614-9449-1b1f5f75ac23,Yarn Bee Scrub-Ology Scrub It Yarn,Yarn Bee,11 Purple,80990616,12 Green,1963610,https://www.hobbylobby.com/yarn-needle-art/yarn-tools/yarn/yarn-bee-scrub-ology-scrub-it-yarn/p/si02604,True,100% Nylon,5 - Bulky,green
99930ff2-47d2-4614-9449-1b1f5f75ac23,Yarn Bee Scrub-Ology Scrub It Yarn,Yarn Bee,12 Green,80990617,12 Green,1963610,https://www.hobbylobby.com/yarn-needle-art/yarn-tools/yarn/yarn-bee-scrub-ology-scrub-it-yarn/p/si02604,True,100% Nylon,5 - Bulky,green
e4ca2770-922b-4bb7-903a-4b1e9b56ba67,Yarn Bee Soft & Sleek Chunky Yarn,Yarn Bee,100 White,80843310,620 Spice,2206001,https://www.hobbylobby.com/yarn-needle-art/yarn-tools/yarn/yarn-bee-soft-sleek-chunky-yarn/p/sc39759,True,100% Low Pill Acrylic,5 - Bulky,red
e4ca2770-922b-4bb7-903a-4b1e9b56ba67,Yarn Bee Soft & Sleek Chunky Yarn,Yarn Bee,101 Ivory,80843312,620 Spice,2206001,https://www.hobbylobby.com/yarn-needle-art/yarn-tools/yarn/yarn-bee-soft-sleek-chunky-yarn/p/sc39759,True,100% Low Pill Acrylic,5 - Bulky,red
e4ca2770-922b-4bb7-903a-4b1e9b56ba67,Yarn Bee Soft & Sleek Chunky Yarn,Yarn Bee,1 Black,80843313,620 Spice,2206001,https://www.hobbylobby.com/yarn-needle-art/yarn-tools/yarn/yarn-bee-soft-sleek-chunky-yarn/p/sc39759,True,100% Low Pill Acrylic,5 - Bulky,red
e4ca2770-922b-4bb7-903a-4b1e9b56ba67,Yarn Bee Soft & Sleek Chunky Yarn,Yarn Bee,40 Dark Gray,80843314,620 Spice,2206001,https://www.hobbylobby.com/yarn-needle-art/yarn-tools/yarn/yarn-bee-soft-sleek-chunky-yarn/p/sc39759,True,100% Low Pill Acrylic,5 - Bulky,red
e4ca2770-922b-4bb7-903a-4b1e9b56ba67,Yarn Bee Soft & Sleek Chunky Yarn,Yarn Bee,375 Teal,80843316,620 Spice,2206001,https://www.hobbylobby.com/yarn-needle-art/yarn-tools/yarn/yarn-bee-soft-sleek-chunky-yarn/p/sc39759,True,100% Low Pill Acrylic,5 - Bulky,red
e4ca2770-922b-4bb7-903a-4b1e9b56ba67,Yarn Bee Soft & Sleek Chunky Yarn,Yarn Bee,202 Linen,80953186,620 Spice,2206001,https://www.hobbylobby.com/yarn-needle-art/yarn-tools/yarn/yarn-bee-soft-sleek-chunky-yarn/p/sc39759,True,100% Low Pill Acrylic,5 - Bulky,red
e4ca2770-922b-4bb7-903a-4b1e9b56ba67,Yarn Bee Soft & Sleek Chunky Yarn,Yarn Bee,710 Mustard,80953187,620 Spice,2206001,https://www.hobbylobby.com/yarn-needle-art/yarn-tools/yarn/yarn-bee-soft-sleek-chunky-yarn/p/sc39759,True,100% Low Pill Acrylic,5 - Bulky,red
e4ca2770-922b-4bb7-903a-4b1e9b56ba67,Yarn Bee Soft & Sleek Chunky Yarn,Yarn Bee,600 Red,80990809,620 Spice,2206001,https://www.hobbylobby.com/yarn-needle-art/yarn-tools/yarn/yarn-bee-soft-sleek-chunky-yarn/p/sc39759,True,100% Low Pill Acrylic,5 - Bulky,red
e4ca2770-922b-4bb7-903a-4b1e9b56ba67,Yarn Bee Soft & Sleek Chunky Yarn,Yarn Bee,505 French Lilac,80990811,620 Spice,2206001,https://www.hobbylobby.com/yarn-needle-art/yarn-tools/yarn/yarn-bee-soft-sleek-chunky-yarn/p/sc39759,True,100% Low Pill Acrylic,5 - Bulky,red
e4ca2770-922b-4bb7-903a-4b1e9b56ba67,Yarn Bee Soft & Sleek Chunky Yarn,Yarn Bee,630 Blush,81038868,620 Spice,2206001,https://www.hobbylobby.com/yarn-needle-art/yarn-tools/yarn/yarn-bee-soft-sleek-chunky-yarn/p/sc39759,True,100% Low Pill Acrylic,5 - Bulky,red
e4ca2770-922b-4bb7-903a-4b1e9b56ba67,Yarn Bee Soft & Sleek Chunky Yarn,Yarn Bee,302 Sage,81038869,620 Spice,2206001,https://www.hobbylobby.com/yarn-needle-art/yarn-tools/yarn/yarn-bee-soft-sleek-chunky-yarn/p/sc39759,True,100% Low Pill Acrylic,5 - Bulky,red
e4ca2770-922b-4bb7-903a-4b1e9b56ba67,Yarn Bee Soft & Sleek Chunky Yarn,Yarn Bee,315 Olive,81076352,620 Spice,2206001,https://www.hobbylobby.com/yarn-needle-art/yarn-tools/yarn/yarn-bee-soft-sleek-chunky-yarn/p/sc39759,True,100% Low Pill Acrylic,5 - Bulky,red
e4ca2770-922b-4bb7-903a-4b1e9b56ba67,Yarn Bee Soft & Sleek Chunky Yarn,Yarn Bee,030 Light Gray,81081113,620 Spice,2206001,https://www.hobbylobby.com/yarn-needle-art/yarn-tools/yarn/yarn-bee-soft-sleek-chunky-yarn/p/sc39759,True,100% Low Pill Acrylic,5 - Bulky,red
e4ca2770-922b-4bb7-903a-4b1e9b56ba67,Yarn Bee Soft & Sleek Chunky Yarn,Yarn Bee,404 Crisp Air,81081114,620 Spice,2206001,https://www.hobbylobby.com/yarn-needle-art/yarn-tools/yarn/yarn-bee-soft-sleek-chunky-yarn/p/sc39759,True,100% Low Pill Acrylic,5 - Bulky,red
e4ca2770-922b-4bb7-903a-4b1e9b56ba67,Yarn Bee Soft & Sleek Chunky Yarn,Yarn Bee,620 Spice,81081115,620 Spice,2206001,https://www.hobbylobby.com/yarn-needle-art/yarn-tools/yarn/yarn-bee-soft-sleek-chunky-yarn/p/sc39759,True,100% Low Pill Acrylic,5 - Bulky,red
62325b03-d1bd-4823-8815-ed6d835cd498,Baby Bee Sweet Delight Wrap Yarn,Baby Bee,5116 Softly,35541,5116 Softly,283382,https://www.hobbylobby.com/yarn-needle-art/yarn-tools/yarn/baby-bee-sweet-delight-wrap-yarn/p/yn20260,True,60% Acrylic & 40% Polyamide,3 - Light,white
62325b03-d1bd-4823-8815-ed6d835cd498,Baby Bee Sweet Delight Wrap Yarn,Baby Bee,5003 Sunny,35543,5116 Softly,283382,https://www.hobbylobby.com/yarn-needle-art/yarn-tools/yarn/baby-bee-sweet-delight-wrap-yarn/p/yn20260,True,60% Acrylic & 40% Polyamide,3 - Light,white
2d3b292d-4409-429b-8fab-edc966e48e34,Yarn Bee Braided Basics Rope - 5mm,Yarn Bee,Natural,81070180,Lavender,2170629,https://www.hobbylobby.com/yarn-needle-art/yarn-tools/yarn/yarn-bee-braided-basics-rope---5mm/p/ybmacrope22,True,80% Cotton & 20% Polyester,5 - Bulky,purple
2d3b292d-4409-429b-8fab-edc966e48e34,Yarn Bee Braided Basics Rope - 5mm,Yarn Bee,Light Beige,81070181,Lavender,2170629,https://www.hobbylobby.com/yarn-needle-art/yarn-tools/yarn/yarn-bee-braided-basics-rope---5mm/p/ybmacrope22,True,80% Cotton & 20% Polyester,5 - Bulky,purple
2d3b292d-4409-429b-8fab-edc966e48e34,Yarn Bee Braided Basics Rope - 5mm,Yarn Bee,Tobacco,81070182,Lavender,2170629,https://www.hobbylobby.com/yarn-needle-art/yarn-tools/yarn/yarn-bee-braided-basics-rope---5mm/p/ybmacrope22,True,80% Cotton & 20% Polyester,5 - Bulky,purple
2d3b292d-4409-429b-8fab-edc966e48e34,Yarn Bee Braided Basics Rope - 5mm,Yarn Bee,Mustard,81070183,Lavender,2170629,https://www.hobbylobby.com/yarn-needle-art/yarn-tools/yarn/yarn-bee-braided-basics-rope---5mm/p/ybmacrope22,True,80% Cotton & 20% Polyester,5 - Bulky,purple
2d3b292d-4409-429b-8fab-edc966e48e34,Yarn Bee Braided Basics Rope - 5mm,Yarn Bee,Petrol Blue,81070184,Lavender,2170629,https://www.hobbylobby.com/yarn-needle-art/yarn-tools/yarn/yarn-bee-braided-basics-rope---5mm/p/ybmacrope22,True,80% Cotton & 20% Polyester,5 - Bulky,purple
2d3b292d-4409-429b-8fab-edc966e48e34,Yarn Bee Braided Basics Rope - 5mm,Yarn Bee,Black,81070185,Lavender,2170629,https://www.hobbylobby.com/yarn-needle-art/yarn-tools/yarn/yarn-bee-braided-basics-rope---5mm/p/ybmacrope22,True,80% Cotton & 20% Polyester,5 - Bulky,purple
2d3b292d-4409-429b-8fab-edc966e48e34,Yarn Bee Braided Basics Rope - 5mm,Yarn Bee,Sage,81070186,Lavender,2170629,https://www.hobbylobby.com/yarn-needle-art/yarn-tools/yarn/yarn-bee-braided-basics-rope---5mm/p/ybmacrope22,True,80% Cotton & 20% Polyester,5 - Bulky,purple
2d3b292d-4409-429b-8fab-edc966e48e34,Yarn Bee Braided Basics Rope - 5mm,Yarn Bee,Lavender,81070187,Lavender,2170629,https://www.hobbylobby.com/yarn-needle-art/yarn-tools/yarn/yarn-bee-braided-basics-rope---5mm/p/ybmacrope22,True,80% Cotton & 20% Polyester,5 - Bulky,purple
8c582f22-4c87-46a8-8d6b-ef89b10b69fb,Yarn Bee True Colors Yarn,Yarn Bee,1 Black,80782634,Pink,2554525,https://www.hobbylobby.com/yarn-needle-art/yarn-tools/yarn/yarn-bee-true-colors-yarn/p/tc60715,True,100% Acrylic,6 - Super Bulky,pink
8c582f22-4c87-46a8-8d6b-ef89b10b69fb,Yarn Bee True Colors Yarn,Yarn Bee,100 White,80782635,Pink,2554525,https://www.hobbylobby.com/yarn-needle-art/yarn-tools/yarn/yarn-bee-true-colors-yarn/p/tc60715,True,100% Acrylic,6 - Super Bulky,pink
8c582f22-4c87-46a8-8d6b-ef89b10b69fb,Yarn Bee True Colors Yarn,Yarn Bee,101 Ivory,80782640,Pink,2554525,https://www.hobbylobby.com/yarn-needle-art/yarn-tools/yarn/yarn-bee-true-colors-yarn/p/tc60715,True,100% Acrylic,6 - Super Bulky,pink
8c582f22-4c87-46a8-8d6b-ef89b10b69fb,Yarn Bee True Colors Yarn,Yarn Bee,700 Yellow,80782642,Pink,2554525,https://www.hobbylobby.com/yarn-needle-art/yarn-tools/yarn/yarn-bee-true-colors-yarn/p/tc60715,True,100% Acrylic,6 - Super Bulky,pink
8c582f22-4c87-46a8-8d6b-ef89b10b69fb,Yarn Bee True Colors Yarn,Yarn Bee,600 Red,80782643,Pink,2554525,https://www.hobbylobby.com/yarn-needle-art/yarn-tools/yarn/yarn-bee-true-colors-yarn/p/tc60715,True,100% Acrylic,6 - Super Bulky,pink
8c582f22-4c87-46a8-8d6b-ef89b10b69fb,Yarn Bee True Colors Yarn,Yarn Bee,30 Gray,80782646,Pink,2554525,https://www.hobbylobby.com/yarn-needle-art/yarn-tools/yarn/yarn-bee-true-colors-yarn/p/tc60715,True,100% Acrylic,6 - Super Bulky,pink
8c582f22-4c87-46a8-8d6b-ef89b10b69fb,Yarn Bee True Colors Yarn,Yarn Bee,650 Rose,80782648,Pink,2554525,https://www.hobbylobby.com/yarn-needle-art/yarn-tools/yarn/yarn-bee-true-colors-yarn/p/tc60715,True,100% Acrylic,6 - Super Bulky,pink
8c582f22-4c87-46a8-8d6b-ef89b10b69fb,Yarn Bee True Colors Yarn,Yarn Bee,410 Navy,80782743,Pink,2554525,https://www.hobbylobby.com/yarn-needle-art/yarn-tools/yarn/yarn-bee-true-colors-yarn/p/tc60715,True,100% Acrylic,6 - Super Bulky,pink
8c582f22-4c87-46a8-8d6b-ef89b10b69fb,Yarn Bee True Colors Yarn,Yarn Bee,500 Amethyst,80786941,Pink,2554525,https://www.hobbylobby.com/yarn-needle-art/yarn-tools/yarn/yarn-bee-true-colors-yarn/p/tc60715,True,100% Acrylic,6 - Super Bulky,pink
8c582f22-4c87-46a8-8d6b-ef89b10b69fb,Yarn Bee True Colors Yarn,Yarn Bee,35 Charcoal,80786949,Pink,2554525,https://www.hobbylobby.com/yarn-needle-art/yarn-tools/yarn/yarn-bee-true-colors-yarn/p/tc60715,True,100% Acrylic,6 - Super Bulky,pink
8c582f22-4c87-46a8-8d6b-ef89b10b69fb,Yarn Bee True Colors Yarn,Yarn Bee,620 Hot Pink,80841662,Pink,2554525,https://www.hobbylobby.com/yarn-needle-art/yarn-tools/yarn/yarn-bee-true-colors-yarn/p/tc60715,True,100% Acrylic,6 - Super Bulky,pink
8c582f22-4c87-46a8-8d6b-ef89b10b69fb,Yarn Bee True Colors Yarn,Yarn Bee,820 Hot Orange,80841667,Pink,2554525,https://www.hobbylobby.com/yarn-needle-art/yarn-tools/yarn/yarn-bee-true-colors-yarn/p/tc60715,True,100% Acrylic,6 - Super Bulky,pink
8c582f22-4c87-46a8-8d6b-ef89b10b69fb,Yarn Bee True Colors Yarn,Yarn Bee,725 Gold,80891087,Pink,2554525,https://www.hobbylobby.com/yarn-needle-art/yarn-tools/yarn/yarn-bee-true-colors-yarn/p/tc60715,True,100% Acrylic,6 - Super Bulky,pink
8c582f22-4c87-46a8-8d6b-ef89b10b69fb,Yarn Bee True Colors Yarn,Yarn Bee,420 Blue Teal,80990817,Pink,2554525,https://www.hobbylobby.com/yarn-needle-art/yarn-tools/yarn/yarn-bee-true-colors-yarn/p/tc60715,True,100% Acrylic,6 - Super Bulky,pink
8c582f22-4c87-46a8-8d6b-ef89b10b69fb,Yarn Bee True Colors Yarn,Yarn Bee,805 Pumpkin,80990818,Pink,2554525,https://www.hobbylobby.com/yarn-needle-art/yarn-tools/yarn/yarn-bee-true-colors-yarn/p/tc60715,True,100% Acrylic,6 - Super Bulky,pink
8c582f22-4c87-46a8-8d6b-ef89b10b69fb,Yarn Bee True Colors Yarn,Yarn Bee,400 November Periwinkle,81038874,Pink,2554525,https://www.hobbylobby.com/yarn-needle-art/yarn-tools/yarn/yarn-bee-true-colors-yarn/p/tc60715,True,100% Acrylic,6 - Super Bulky,pink
8c582f22-4c87-46a8-8d6b-ef89b10b69fb,Yarn Bee True Colors Yarn,Yarn Bee,610 Auburn Apple Blossom,81038875,Pink,2554525,https://www.hobbylobby.com/yarn-needle-art/yarn-tools/yarn/yarn-bee-true-colors-yarn/p/tc60715,True,100% Acrylic,6 - Super Bulky,pink
8c582f22-4c87-46a8-8d6b-ef89b10b69fb,Yarn Bee True Colors Yarn,Yarn Bee,330 September Sage,81038876,Pink,2554525,https://www.hobbylobby.com/yarn-needle-art/yarn-tools/yarn/yarn-bee-true-colors-yarn/p/tc60715,True,100% Acrylic,6 - Super Bulky,pink
8c582f22-4c87-46a8-8d6b-ef89b10b69fb,Yarn Bee True Colors Yarn,Yarn Bee,785 Rustic Rouge,81038877,Pink,2554525,https://www.hobbylobby.com/yarn-needle-art/yarn-tools/yarn/yarn-bee-true-colors-yarn/p/tc60715,True,100% Acrylic,6 - Super Bulky,pink
8c582f22-4c87-46a8-8d6b-ef89b10b69fb,Yarn Bee True Colors Yarn,Yarn Bee,080 Fall Frost,81038878,Pink,2554525,https://www.hobbylobby.com/yarn-needle-art/yarn-tools/yarn/yarn-bee-true-colors-yarn/p/tc60715,True,100% Acrylic,6 - Super Bulky,pink
8c582f22-4c87-46a8-8d6b-ef89b10b69fb,Yarn Bee True Colors Yarn,Yarn Bee,904 Frost Flurry,81076364,Pink,2554525,https://www.hobbylobby.com/yarn-needle-art/yarn-tools/yarn/yarn-bee-true-colors-yarn/p/tc60715,True,100% Acrylic,6 - Super Bulky,pink
8c582f22-4c87-46a8-8d6b-ef89b10b69fb,Yarn Bee True Colors Yarn,Yarn Bee,325 Emerald,81138562,Pink,2554525,https://www.hobbylobby.com/yarn-needle-art/yarn-tools/yarn/yarn-bee-true-colors-yarn/p/tc60715,True,100% Acrylic,6 - Super Bulky,pink
8c582f22-4c87-46a8-8d6b-ef89b10b69fb,Yarn Bee True Colors Yarn,Yarn Bee,Light Sage,81234992,Pink,2554525,https://www.hobbylobby.com/yarn-needle-art/yarn-tools/yarn/yarn-bee-true-colors-yarn/p/tc60715,True,100% Acrylic,6 - Super Bulky,pink
8c582f22-4c87-46a8-8d6b-ef89b10b69fb,Yarn Bee True Colors Yarn,Yarn Bee,Cranberry,81234994,Pink,2554525,https://www.hobbylobby.com/yarn-needle-art/yarn-tools/yarn/yarn-bee-true-colors-yarn/p/tc60715,True,100% Acrylic,6 - Super Bulky,pink
8c582f22-4c87-46a8-8d6b-ef89b10b69fb,Yarn Bee True Colors Yarn,Yarn Bee,Orchid,81234991,Pink,2554525,https://www.hobbylobby.com/yarn-needle-art/yarn-tools/yarn/yarn-bee-true-colors-yarn/p/tc60715,True,100% Acrylic,6 - Super Bulky,pink
8c582f22-4c87-46a8-8d6b-ef89b10b69fb,Yarn Bee True Colors Yarn,Yarn Bee,Brown,81234993,Pink,2554525,https://www.hobbylobby.com/yarn-needle-art/yarn-tools/yarn/yarn-bee-true-colors-yarn/p/tc60715,True,100% Acrylic,6 - Super Bulky,pink
8c582f22-4c87-46a8-8d6b-ef89b10b69fb,Yarn Bee True Colors Yarn,Yarn Bee,Pink,81235131,Pink,2554525,https://www.hobbylobby.com/yarn-needle-art/yarn-tools/yarn/yarn-bee-true-colors-yarn/p/tc60715,True,100% Acrylic,6 - Super Bulky,pink
8f240194-4908-4a91-9521-209723e5a55d,Yarn Bee Soft & Sleek DK Yarn,Yarn Bee,1 Ivory,80931342,17 White,1964493,https://www.hobbylobby.com/yarn-needle-art/yarn-tools/yarn/yarn-bee-soft-sleek-dk-yarn/p/sd56364,True,100% Low Pill Acrylic,3 - Light,white
8f240194-4908-4a91-9521-209723e5a55d,Yarn Bee Soft & Sleek DK Yarn,Yarn Bee,2 Black,80931343,17 White,1964493,https://www.hobbylobby.com/yarn-needle-art/yarn-tools/yarn/yarn-bee-soft-sleek-dk-yarn/p/sd56364,True,100% Low Pill Acrylic,3 - Light,white
8f240194-4908-4a91-9521-209723e5a55d,Yarn Bee Soft & Sleek DK Yarn,Yarn Bee,4 Linen,80931345,17 White,1964493,https://www.hobbylobby.com/yarn-needle-art/yarn-tools/yarn/yarn-bee-soft-sleek-dk-yarn/p/sd56364,True,100% Low Pill Acrylic,3 - Light,white
8f240194-4908-4a91-9521-209723e5a55d,Yarn Bee Soft & Sleek DK Yarn,Yarn Bee,7 Oxblood,80931348,17 White,1964493,https://www.hobbylobby.com/yarn-needle-art/yarn-tools/yarn/yarn-bee-soft-sleek-dk-yarn/p/sd56364,True,100% Low Pill Acrylic,3 - Light,white
8f240194-4908-4a91-9521-209723e5a55d,Yarn Bee Soft & Sleek DK Yarn,Yarn Bee,10 Pumpkin Paradise,80931351,17 White,1964493,https://www.hobbylobby.com/yarn-needle-art/yarn-tools/yarn/yarn-bee-soft-sleek-dk-yarn/p/sd56364,True,100% Low Pill Acrylic,3 - Light,white
8f240194-4908-4a91-9521-209723e5a55d,Yarn Bee Soft & Sleek DK Yarn,Yarn Bee,13 Irish Rain,80931354,17 White,1964493,https://www.hobbylobby.com/yarn-needle-art/yarn-tools/yarn/yarn-bee-soft-sleek-dk-yarn/p/sd56364,True,100% Low Pill Acrylic,3 - Light,white
8f240194-4908-4a91-9521-209723e5a55d,Yarn Bee Soft & Sleek DK Yarn,Yarn Bee,15 Pretty in Peacock,80931356,17 White,1964493,https://www.hobbylobby.com/yarn-needle-art/yarn-tools/yarn/yarn-bee-soft-sleek-dk-yarn/p/sd56364,True,100% Low Pill Acrylic,3 - Light,white
8f240194-4908-4a91-9521-209723e5a55d,Yarn Bee Soft & Sleek DK Yarn,Yarn Bee,17 White,80990787,17 White,1964493,https://www.hobbylobby.com/yarn-needle-art/yarn-tools/yarn/yarn-bee-soft-sleek-dk-yarn/p/sd56364,True,100% Low Pill Acrylic,3 - Light,white
6d5c68e8-6c49-4dd4-bc70-6835fa5b4c45,Yarn Bee Scrub-Ology Cotton Yarn,Yarn Bee,1 Snow Drifts,80843231,124 See You At Sunset,2286227,https://www.hobbylobby.com/yarn-needle-art/yarn-tools/yarn/yarn-bee-scrub-ology-cotton-yarn/p/so97283,True,100% Cotton,4 - Medium,multi
6d5c68e8-6c49-4dd4-bc70-6835fa5b4c45,Yarn Bee Scrub-Ology Cotton Yarn,Yarn Bee,101 Al Fresco,80843232,124 See You At Sunset,2286227,https://www.hobbylobby.com/yarn-needle-art/yarn-tools/yarn/yarn-bee-scrub-ology-cotton-yarn/p/so97283,True,100% Cotton,4 - Medium,multi
6d5c68e8-6c49-4dd4-bc70-6835fa5b4c45,Yarn Bee Scrub-Ology Cotton Yarn,Yarn Bee,102 Aria,80843233,124 See You At Sunset,2286227,https://www.hobbylobby.com/yarn-needle-art/yarn-tools/yarn/yarn-bee-scrub-ology-cotton-yarn/p/so97283,True,100% Cotton,4 - Medium,multi
6d5c68e8-6c49-4dd4-bc70-6835fa5b4c45,Yarn Bee Scrub-Ology Cotton Yarn,Yarn Bee,109 Front Porch,80843240,124 See You At Sunset,2286227,https://www.hobbylobby.com/yarn-needle-art/yarn-tools/yarn/yarn-bee-scrub-ology-cotton-yarn/p/so97283,True,100% Cotton,4 - Medium,multi
6d5c68e8-6c49-4dd4-bc70-6835fa5b4c45,Yarn Bee Scrub-Ology Cotton Yarn,Yarn Bee,110 Rainbow Bridge,80952951,124 See You At Sunset,2286227,https://www.hobbylobby.com/yarn-needle-art/yarn-tools/yarn/yarn-bee-scrub-ology-cotton-yarn/p/so97283,True,100% Cotton,4 - Medium,multi
6d5c68e8-6c49-4dd4-bc70-6835fa5b4c45,Yarn Bee Scrub-Ology Cotton Yarn,Yarn Bee,116 Hello Honey Bee,80990664,124 See You At Sunset,2286227,https://www.hobbylobby.com/yarn-needle-art/yarn-tools/yarn/yarn-bee-scrub-ology-cotton-yarn/p/so97283,True,100% Cotton,4 - Medium,multi
6d5c68e8-6c49-4dd4-bc70-6835fa5b4c45,Yarn Bee Scrub-Ology Cotton Yarn,Yarn Bee,122 Prairie Harvest,81138687,124 See You At Sunset,2286227,https://www.hobbylobby.com/yarn-needle-art/yarn-tools/yarn/yarn-bee-scrub-ology-cotton-yarn/p/so97283,True,100% Cotton,4 - Medium,multi
6d5c68e8-6c49-4dd4-bc70-6835fa5b4c45,Yarn Bee Scrub-Ology Cotton Yarn,Yarn Bee,124 See You At Sunset,81138688,124 See You At Sunset,2286227,https://www.hobbylobby.com/yarn-needle-art/yarn-tools/yarn/yarn-bee-scrub-ology-cotton-yarn/p/so97283,True,100% Cotton,4 - Medium,multi
1f5cbfad-e079-415e-9ce3-4c03b513a625,Yarn Bee Yarntopia Yarn,Yarn Bee,01 White,80997459,20 Cerulean Sea,2099349,https://www.hobbylobby.com/yarn-needle-art/yarn-tools/yarn/yarn-bee-yarntopia-yarn/p/art55yarn,True,100% Acrylic,2 - Fine,blue
1f5cbfad-e079-415e-9ce3-4c03b513a625,Yarn Bee Yarntopia Yarn,Yarn Bee,02 Rose,80997460,20 Cerulean Sea,2099349,https://www.hobbylobby.com/yarn-needle-art/yarn-tools/yarn/yarn-bee-yarntopia-yarn/p/art55yarn,True,100% Acrylic,2 - Fine,blue
1f5cbfad-e079-415e-9ce3-4c03b513a625,Yarn Bee Yarntopia Yarn,Yarn Bee,03 Ivory,80997461,20 Cerulean Sea,2099349,https://www.hobbylobby.com/yarn-needle-art/yarn-tools/yarn/yarn-bee-yarntopia-yarn/p/art55yarn,True,100% Acrylic,2 - Fine,blue
1f5cbfad-e079-415e-9ce3-4c03b513a625,Yarn Bee Yarntopia Yarn,Yarn Bee,04 Hummus,80997462,20 Cerulean Sea,2099349,https://www.hobbylobby.com/yarn-needle-art/yarn-tools/yarn/yarn-bee-yarntopia-yarn/p/art55yarn,True,100% Acrylic,2 - Fine,blue
1f5cbfad-e079-415e-9ce3-4c03b513a625,Yarn Bee Yarntopia Yarn,Yarn Bee,06 Scarlet,80997464,20 Cerulean Sea,2099349,https://www.hobbylobby.com/yarn-needle-art/yarn-tools/yarn/yarn-bee-yarntopia-yarn/p/art55yarn,True,100% Acrylic,2 - Fine,blue
1f5cbfad-e079-415e-9ce3-4c03b513a625,Yarn Bee Yarntopia Yarn,Yarn Bee,07 Cerulean,80997465,20 Cerulean Sea,2099349,https://www.hobbylobby.com/yarn-needle-art/yarn-tools/yarn/yarn-bee-yarntopia-yarn/p/art55yarn,True,100% Acrylic,2 - Fine,blue
1f5cbfad-e079-415e-9ce3-4c03b513a625,Yarn Bee Yarntopia Yarn,Yarn Bee,08 Ocean,80997466,20 Cerulean Sea,2099349,https://www.hobbylobby.com/yarn-needle-art/yarn-tools/yarn/yarn-bee-yarntopia-yarn/p/art55yarn,True,100% Acrylic,2 - Fine,blue
1f5cbfad-e079-415e-9ce3-4c03b513a625,Yarn Bee Yarntopia Yarn,Yarn Bee,09 Heather,80997467,20 Cerulean Sea,2099349,https://www.hobbylobby.com/yarn-needle-art/yarn-tools/yarn/yarn-bee-yarntopia-yarn/p/art55yarn,True,100% Acrylic,2 - Fine,blue
1f5cbfad-e079-415e-9ce3-4c03b513a625,Yarn Bee Yarntopia Yarn,Yarn Bee,10 Blush,80997468,20 Cerulean Sea,2099349,https://www.hobbylobby.com/yarn-needle-art/yarn-tools/yarn/yarn-bee-yarntopia-yarn/p/art55yarn,True,100% Acrylic,2 - Fine,blue
1f5cbfad-e079-415e-9ce3-4c03b513a625,Yarn Bee Yarntopia Yarn,Yarn Bee,12 Anchor,80997470,20 Cerulean Sea,2099349,https://www.hobbylobby.com/yarn-needle-art/yarn-tools/yarn/yarn-bee-yarntopia-yarn/p/art55yarn,True,100% Acrylic,2 - Fine,blue
1f5cbfad-e079-415e-9ce3-4c03b513a625,Yarn Bee Yarntopia Yarn,Yarn Bee,18 Sage,81041567,20 Cerulean Sea,2099349,https://www.hobbylobby.com/yarn-needle-art/yarn-tools/yarn/yarn-bee-yarntopia-yarn/p/art55yarn,True,100% Acrylic,2 - Fine,blue
1f5cbfad-e079-415e-9ce3-4c03b513a625,Yarn Bee Yarntopia Yarn,Yarn Bee,20 Cerulean Sea,81041569,20 Cerulean Sea,2099349,https://www.hobbylobby.com/yarn-needle-art/yarn-tools/yarn/yarn-bee-yarntopia-yarn/p/art55yarn,True,100% Acrylic,2 - Fine,blue
36197574-0587-4968-ac93-1ba9b1ad7985,Yarn Bee Velvety Smooth Sparkle Yarn,Yarn Bee,01 Teal Green,80997253,12 Olive,2095156,https://www.hobbylobby.com/yarn-needle-art/yarn-tools/yarn/yarn-bee-velvety-smooth-sparkle-yarn/p/art110,True,94% Cotton & 6% Metallic Polyester,4 - Medium,green
36197574-0587-4968-ac93-1ba9b1ad7985,Yarn Bee Velvety Smooth Sparkle Yarn,Yarn Bee,02 Red,80997254,12 Olive,2095156,https://www.hobbylobby.com/yarn-needle-art/yarn-tools/yarn/yarn-bee-velvety-smooth-sparkle-yarn/p/art110,True,94% Cotton & 6% Metallic Polyester,4 - Medium,green
36197574-0587-4968-ac93-1ba9b1ad7985,Yarn Bee Velvety Smooth Sparkle Yarn,Yarn Bee,03 Navy,80997255,12 Olive,2095156,https://www.hobbylobby.com/yarn-needle-art/yarn-tools/yarn/yarn-bee-velvety-smooth-sparkle-yarn/p/art110,True,94% Cotton & 6% Metallic Polyester,4 - Medium,green
36197574-0587-4968-ac93-1ba9b1ad7985,Yarn Bee Velvety Smooth Sparkle Yarn,Yarn Bee,04 Black,80997256,12 Olive,2095156,https://www.hobbylobby.com/yarn-needle-art/yarn-tools/yarn/yarn-bee-velvety-smooth-sparkle-yarn/p/art110,True,94% Cotton & 6% Metallic Polyester,4 - Medium,green
36197574-0587-4968-ac93-1ba9b1ad7985,Yarn Bee Velvety Smooth Sparkle Yarn,Yarn Bee,05 Blush,80997257,12 Olive,2095156,https://www.hobbylobby.com/yarn-needle-art/yarn-tools/yarn/yarn-bee-velvety-smooth-sparkle-yarn/p/art110,True,94% Cotton & 6% Metallic Polyester,4 - Medium,green
36197574-0587-4968-ac93-1ba9b1ad7985,Yarn Bee Velvety Smooth Sparkle Yarn,Yarn Bee,06 Purple,80997258,12 Olive,2095156,https://www.hobbylobby.com/yarn-needle-art/yarn-tools/yarn/yarn-bee-velvety-smooth-sparkle-yarn/p/art110,True,94% Cotton & 6% Metallic Polyester,4 - Medium,green
36197574-0587-4968-ac93-1ba9b1ad7985,Yarn Bee Velvety Smooth Sparkle Yarn,Yarn Bee,08 Ivory,81040503,12 Olive,2095156,https://www.hobbylobby.com/yarn-needle-art/yarn-tools/yarn/yarn-bee-velvety-smooth-sparkle-yarn/p/art110,True,94% Cotton & 6% Metallic Polyester,4 - Medium,green
36197574-0587-4968-ac93-1ba9b1ad7985,Yarn Bee Velvety Smooth Sparkle Yarn,Yarn Bee,10 Silver,81040505,12 Olive,2095156,https://www.hobbylobby.com/yarn-needle-art/yarn-tools/yarn/yarn-bee-velvety-smooth-sparkle-yarn/p/art110,True,94% Cotton & 6% Metallic Polyester,4 - Medium,green
36197574-0587-4968-ac93-1ba9b1ad7985,Yarn Bee Velvety Smooth Sparkle Yarn,Yarn Bee,12 Olive,81040506,12 Olive,2095156,https://www.hobbylobby.com/yarn-needle-art/yarn-tools/yarn/yarn-bee-velvety-smooth-sparkle-yarn/p/art110,True,94% Cotton & 6% Metallic Polyester,4 - Medium,green
f9b89d02-65bb-4ff0-b2b0-65b3c93c5484,Yarn Bee Braided Basics String - 3mm,Yarn Bee,Light Grey,81070173,Denim,2170546,https://www.hobbylobby.com/yarn-needle-art/yarn-tools/yarn/yarn-bee-braided-basics-string---3mm/p/p561212111,True,,5 - Bulky,blue
f9b89d02-65bb-4ff0-b2b0-65b3c93c5484,Yarn Bee Braided Basics String - 3mm,Yarn Bee,Brick,81070174,Denim,2170546,https://www.hobbylobby.com/yarn-needle-art/yarn-tools/yarn/yarn-bee-braided-basics-string---3mm/p/p561212111,True,,5 - Bulky,blue
f9b89d02-65bb-4ff0-b2b0-65b3c93c5484,Yarn Bee Braided Basics String - 3mm,Yarn Bee,Water Green,81070175,Denim,2170546,https://www.hobbylobby.com/yarn-needle-art/yarn-tools/yarn/yarn-bee-braided-basics-string---3mm/p/p561212111,True,,5 - Bulky,blue
f9b89d02-65bb-4ff0-b2b0-65b3c93c5484,Yarn Bee Braided Basics String - 3mm,Yarn Bee,Fern,81070176,Denim,2170546,https://www.hobbylobby.com/yarn-needle-art/yarn-tools/yarn/yarn-bee-braided-basics-string---3mm/p/p561212111,True,,5 - Bulky,blue
f9b89d02-65bb-4ff0-b2b0-65b3c93c5484,Yarn Bee Braided Basics String - 3mm,Yarn Bee,Tobacco,81070177,Denim,2170546,https://www.hobbylobby.com/yarn-needle-art/yarn-tools/yarn/yarn-bee-braided-basics-string---3mm/p/p561212111,True,,5 - Bulky,blue
f9b89d02-65bb-4ff0-b2b0-65b3c93c5484,Yarn Bee Braided Basics String - 3mm,Yarn Bee,Denim,81070179,Denim,2170546,https://www.hobbylobby.com/yarn-needle-art/yarn-tools/yarn/yarn-bee-braided-basics-string---3mm/p/p561212111,True,,5 - Bulky,blue
f9b89d02-65bb-4ff0-b2b0-65b3c93c5484,Yarn Bee Braided Basics String - 3mm,Yarn Bee,Natural,81070172,Denim,2170546,https://www.hobbylobby.com/yarn-needle-art/yarn-tools/yarn/yarn-bee-braided-basics-string---3mm/p/p561212111,True,,5 - Bulky,blue
f9b89d02-65bb-4ff0-b2b0-65b3c93c5484,Yarn Bee Braided Basics String - 3mm,Yarn Bee,Muted Clay,81070178,Denim,2170546,https://www.hobbylobby.com/yarn-needle-art/yarn-tools/yarn/yarn-bee-braided-basics-string---3mm/p/p561212111,True,,5 - Bulky,blue
5e77b198-029b-4ab5-a7d8-1b29d76f2b76,I Love This Chunky Yarn,I Love This Chunky,112 Sand Frost,36353,120 Heathered Brown,1351550,https://www.hobbylobby.com/yarn-needle-art/yarn-tools/yarn/i-love-this-chunky-yarn/p/yn20610,True,100% Acrylic,5 - Bulky,brown
5e77b198-029b-4ab5-a7d8-1b29d76f2b76,I Love This Chunky Yarn,I Love This Chunky,104 Red Velvet,36357,120 Heathered Brown,1351550,https://www.hobbylobby.com/yarn-needle-art/yarn-tools/yarn/i-love-this-chunky-yarn/p/yn20610,True,100% Acrylic,5 - Bulky,brown
5e77b198-029b-4ab5-a7d8-1b29d76f2b76,I Love This Chunky Yarn,I Love This Chunky,102 White MIst,36363,120 Heathered Brown,1351550,https://www.hobbylobby.com/yarn-needle-art/yarn-tools/yarn/i-love-this-chunky-yarn/p/yn20610,True,100% Acrylic,5 - Bulky,brown
5e77b198-029b-4ab5-a7d8-1b29d76f2b76,I Love This Chunky Yarn,I Love This Chunky,103 Cool Black,36649,120 Heathered Brown,1351550,https://www.hobbylobby.com/yarn-needle-art/yarn-tools/yarn/i-love-this-chunky-yarn/p/yn20610,True,100% Acrylic,5 - Bulky,brown
5e77b198-029b-4ab5-a7d8-1b29d76f2b76,I Love This Chunky Yarn,I Love This Chunky,120 Heathered Brown,80790608,120 Heathered Brown,1351550,https://www.hobbylobby.com/yarn-needle-art/yarn-tools/yarn/i-love-this-chunky-yarn/p/yn20610,True,100% Acrylic,5 - Bulky,brown
c9c8a1f1-eecd-4257-93b2-1b2e9593137d,Yarn Bee Authentic Hand-Dyed Yarn,Yarn Bee,28 Elysian Dusk,81076719,54 Market at Malta,2101079,https://www.hobbylobby.com/yarn-needle-art/yarn-tools/yarn/yarn-bee-authentic-hand-dyed-yarn/p/art81yarn,True,100% Super Wash Merino Wool,1 - Super Fine,multi
c9c8a1f1-eecd-4257-93b2-1b2e9593137d,Yarn Bee Authentic Hand-Dyed Yarn,Yarn Bee,32 Zahara,81076722,54 Market at Malta,2101079,https://www.hobbylobby.com/yarn-needle-art/yarn-tools/yarn/yarn-bee-authentic-hand-dyed-yarn/p/art81yarn,True,100% Super Wash Merino Wool,1 - Super Fine,multi
c9c8a1f1-eecd-4257-93b2-1b2e9593137d,Yarn Bee Authentic Hand-Dyed Yarn,Yarn Bee,36 Seraphine Sea,81076724,54 Market at Malta,2101079,https://www.hobbylobby.com/yarn-needle-art/yarn-tools/yarn/yarn-bee-authentic-hand-dyed-yarn/p/art81yarn,True,100% Super Wash Merino Wool,1 - Super Fine,multi
c9c8a1f1-eecd-4257-93b2-1b2e9593137d,Yarn Bee Authentic Hand-Dyed Yarn,Yarn Bee,40 Hibiscus Palm,81076733,54 Market at Malta,2101079,https://www.hobbylobby.com/yarn-needle-art/yarn-tools/yarn/yarn-bee-authentic-hand-dyed-yarn/p/art81yarn,True,100% Super Wash Merino Wool,1 - Super Fine,multi
c9c8a1f1-eecd-4257-93b2-1b2e9593137d,Yarn Bee Authentic Hand-Dyed Yarn,Yarn Bee,52 Unicorn Horn,81076734,54 Market at Malta,2101079,https://www.hobbylobby.com/yarn-needle-art/yarn-tools/yarn/yarn-bee-authentic-hand-dyed-yarn/p/art81yarn,True,100% Super Wash Merino Wool,1 - Super Fine,multi
c9c8a1f1-eecd-4257-93b2-1b2e9593137d,Yarn Bee Authentic Hand-Dyed Yarn,Yarn Bee,54 Market at Malta,81151692,54 Market at Malta,2101079,https://www.hobbylobby.com/yarn-needle-art/yarn-tools/yarn/yarn-bee-authentic-hand-dyed-yarn/p/art81yarn,True,100% Super Wash Merino Wool,1 - Super Fine,multi
6de4ba31-5ad2-47bb-8d37-8b5454579723,Yarn Bee Bamboo-Tiful Yarn,Yarn Bee,01 White,80997448,26 Plum,2285765,https://www.hobbylobby.com/yarn-needle-art/yarn-tools/yarn/yarn-bee-bamboo-tiful-yarn/p/art51yarn,True,50% Cotton & 50% Viscose,3 - Light,purple
6de4ba31-5ad2-47bb-8d37-8b5454579723,Yarn Bee Bamboo-Tiful Yarn,Yarn Bee,02 Linen,80997449,26 Plum,2285765,https://www.hobbylobby.com/yarn-needle-art/yarn-tools/yarn/yarn-bee-bamboo-tiful-yarn/p/art51yarn,True,50% Cotton & 50% Viscose,3 - Light,purple
6de4ba31-5ad2-47bb-8d37-8b5454579723,Yarn Bee Bamboo-Tiful Yarn,Yarn Bee,04 Rose,80997451,26 Plum,2285765,https://www.hobbylobby.com/yarn-needle-art/yarn-tools/yarn/yarn-bee-bamboo-tiful-yarn/p/art51yarn,True,50% Cotton & 50% Viscose,3 - Light,purple
6de4ba31-5ad2-47bb-8d37-8b5454579723,Yarn Bee Bamboo-Tiful Yarn,Yarn Bee,05 Basil,80997452,26 Plum,2285765,https://www.hobbylobby.com/yarn-needle-art/yarn-tools/yarn/yarn-bee-bamboo-tiful-yarn/p/art51yarn,True,50% Cotton & 50% Viscose,3 - Light,purple
6de4ba31-5ad2-47bb-8d37-8b5454579723,Yarn Bee Bamboo-Tiful Yarn,Yarn Bee,14 Cognac,81045048,26 Plum,2285765,https://www.hobbylobby.com/yarn-needle-art/yarn-tools/yarn/yarn-bee-bamboo-tiful-yarn/p/art51yarn,True,50% Cotton & 50% Viscose,3 - Light,purple
6de4ba31-5ad2-47bb-8d37-8b5454579723,Yarn Bee Bamboo-Tiful Yarn,Yarn Bee,16 Cerulean Sea,81045049,26 Plum,2285765,https://www.hobbylobby.com/yarn-needle-art/yarn-tools/yarn/yarn-bee-bamboo-tiful-yarn/p/art51yarn,True,50% Cotton & 50% Viscose,3 - Light,purple
6de4ba31-5ad2-47bb-8d37-8b5454579723,Yarn Bee Bamboo-Tiful Yarn,Yarn Bee,18 Sage,81045050,26 Plum,2285765,https://www.hobbylobby.com/yarn-needle-art/yarn-tools/yarn/yarn-bee-bamboo-tiful-yarn/p/art51yarn,True,50% Cotton & 50% Viscose,3 - Light,purple
6de4ba31-5ad2-47bb-8d37-8b5454579723,Yarn Bee Bamboo-Tiful Yarn,Yarn Bee,26 Plum,81138516,26 Plum,2285765,https://www.hobbylobby.com/yarn-needle-art/yarn-tools/yarn/yarn-bee-bamboo-tiful-yarn/p/art51yarn,True,50% Cotton & 50% Viscose,3 - Light,purple
765df838-7a4c-423d-a8d7-69c9d3054d17,Baby Bee Adore-A-Ball Yarn,Baby Bee,100 Angel,80783908,Burnt Pumpkin,2544039,https://www.hobbylobby.com/yarn-needle-art/yarn-tools/yarn/baby-bee-adore-a-ball-yarn/p/ab46369,True,100% Polyester,5 - Bulky,orange
765df838-7a4c-423d-a8d7-69c9d3054d17,Baby Bee Adore-A-Ball Yarn,Baby Bee,500 Sugarplum,80783909,Burnt Pumpkin,2544039,https://www.hobbylobby.com/yarn-needle-art/yarn-tools/yarn/baby-bee-adore-a-ball-yarn/p/ab46369,True,100% Polyester,5 - Bulky,orange
765df838-7a4c-423d-a8d7-69c9d3054d17,Baby Bee Adore-A-Ball Yarn,Baby Bee,305 Mint Charm,80783910,Burnt Pumpkin,2544039,https://www.hobbylobby.com/yarn-needle-art/yarn-tools/yarn/baby-bee-adore-a-ball-yarn/p/ab46369,True,100% Polyester,5 - Bulky,orange
765df838-7a4c-423d-a8d7-69c9d3054d17,Baby Bee Adore-A-Ball Yarn,Baby Bee,30 Flannel,80783911,Burnt Pumpkin,2544039,https://www.hobbylobby.com/yarn-needle-art/yarn-tools/yarn/baby-bee-adore-a-ball-yarn/p/ab46369,True,100% Polyester,5 - Bulky,orange
765df838-7a4c-423d-a8d7-69c9d3054d17,Baby Bee Adore-A-Ball Yarn,Baby Bee,400 Baby's Blue,80783912,Burnt Pumpkin,2544039,https://www.hobbylobby.com/yarn-needle-art/yarn-tools/yarn/baby-bee-adore-a-ball-yarn/p/ab46369,True,100% Polyester,5 - Bulky,orange
765df838-7a4c-423d-a8d7-69c9d3054d17,Baby Bee Adore-A-Ball Yarn,Baby Bee,660 Pink-A-Boo,80783913,Burnt Pumpkin,2544039,https://www.hobbylobby.com/yarn-needle-art/yarn-tools/yarn/baby-bee-adore-a-ball-yarn/p/ab46369,True,100% Polyester,5 - Bulky,orange
765df838-7a4c-423d-a8d7-69c9d3054d17,Baby Bee Adore-A-Ball Yarn,Baby Bee,992 Pink & White Multi,80783915,Burnt Pumpkin,2544039,https://www.hobbylobby.com/yarn-needle-art/yarn-tools/yarn/baby-bee-adore-a-ball-yarn/p/ab46369,True,100% Polyester,5 - Bulky,orange
765df838-7a4c-423d-a8d7-69c9d3054d17,Baby Bee Adore-A-Ball Yarn,Baby Bee,994 Sprinkles,80783917,Burnt Pumpkin,2544039,https://www.hobbylobby.com/yarn-needle-art/yarn-tools/yarn/baby-bee-adore-a-ball-yarn/p/ab46369,True,100% Polyester,5 - Bulky,orange
765df838-7a4c-423d-a8d7-69c9d3054d17,Baby Bee Adore-A-Ball Yarn,Baby Bee,705 Bumblebee Wings,80842138,Burnt Pumpkin,2544039,https://www.hobbylobby.com/yarn-needle-art/yarn-tools/yarn/baby-bee-adore-a-ball-yarn/p/ab46369,True,100% Polyester,5 - Bulky,orange
765df838-7a4c-423d-a8d7-69c9d3054d17,Baby Bee Adore-A-Ball Yarn,Baby Bee,996 Let's Cuddle,80842140,Burnt Pumpkin,2544039,https://www.hobbylobby.com/yarn-needle-art/yarn-tools/yarn/baby-bee-adore-a-ball-yarn/p/ab46369,True,100% Polyester,5 - Bulky,orange
765df838-7a4c-423d-a8d7-69c9d3054d17,Baby Bee Adore-A-Ball Yarn,Baby Bee,998 Lullabye Lane,80842141,Burnt Pumpkin,2544039,https://www.hobbylobby.com/yarn-needle-art/yarn-tools/yarn/baby-bee-adore-a-ball-yarn/p/ab46369,True,100% Polyester,5 - Bulky,orange
765df838-7a4c-423d-a8d7-69c9d3054d17,Baby Bee Adore-A-Ball Yarn,Baby Bee,425 Poolside Vibes,81185237,Burnt Pumpkin,2544039,https://www.hobbylobby.com/yarn-needle-art/yarn-tools/yarn/baby-bee-adore-a-ball-yarn/p/ab46369,True,100% Polyester,5 - Bulky,orange
765df838-7a4c-423d-a8d7-69c9d3054d17,Baby Bee Adore-A-Ball Yarn,Baby Bee,525 Green Tambourine,81185238,Burnt Pumpkin,2544039,https://www.hobbylobby.com/yarn-needle-art/yarn-tools/yarn/baby-bee-adore-a-ball-yarn/p/ab46369,True,100% Polyester,5 - Bulky,orange
765df838-7a4c-423d-a8d7-69c9d3054d17,Baby Bee Adore-A-Ball Yarn,Baby Bee,510 Viva Violeta,81185239,Burnt Pumpkin,2544039,https://www.hobbylobby.com/yarn-needle-art/yarn-tools/yarn/baby-bee-adore-a-ball-yarn/p/ab46369,True,100% Polyester,5 - Bulky,orange
765df838-7a4c-423d-a8d7-69c9d3054d17,Baby Bee Adore-A-Ball Yarn,Baby Bee,640 Shell Pink,81185240,Burnt Pumpkin,2544039,https://www.hobbylobby.com/yarn-needle-art/yarn-tools/yarn/baby-bee-adore-a-ball-yarn/p/ab46369,True,100% Polyester,5 - Bulky,orange
765df838-7a4c-423d-a8d7-69c9d3054d17,Baby Bee Adore-A-Ball Yarn,Baby Bee,010 Sandstone,81185241,Burnt Pumpkin,2544039,https://www.hobbylobby.com/yarn-needle-art/yarn-tools/yarn/baby-bee-adore-a-ball-yarn/p/ab46369,True,100% Polyester,5 - Bulky,orange
765df838-7a4c-423d-a8d7-69c9d3054d17,Baby Bee Adore-A-Ball Yarn,Baby Bee,980 Happilicious,81185242,Burnt Pumpkin,2544039,https://www.hobbylobby.com/yarn-needle-art/yarn-tools/yarn/baby-bee-adore-a-ball-yarn/p/ab46369,True,100% Polyester,5 - Bulky,orange
765df838-7a4c-423d-a8d7-69c9d3054d17,Baby Bee Adore-A-Ball Yarn,Baby Bee,Brown,81232704,Burnt Pumpkin,2544039,https://www.hobbylobby.com/yarn-needle-art/yarn-tools/yarn/baby-bee-adore-a-ball-yarn/p/ab46369,True,100% Polyester,5 - Bulky,orange
765df838-7a4c-423d-a8d7-69c9d3054d17,Baby Bee Adore-A-Ball Yarn,Baby Bee,Navy,81232707,Burnt Pumpkin,2544039,https://www.hobbylobby.com/yarn-needle-art/yarn-tools/yarn/baby-bee-adore-a-ball-yarn/p/ab46369,True,100% Polyester,5 - Bulky,orange
765df838-7a4c-423d-a8d7-69c9d3054d17,Baby Bee Adore-A-Ball Yarn,Baby Bee,Red,81232702,Burnt Pumpkin,2544039,https://www.hobbylobby.com/yarn-needle-art/yarn-tools/yarn/baby-bee-adore-a-ball-yarn/p/ab46369,True,100% Polyester,5 - Bulky,orange
765df838-7a4c-423d-a8d7-69c9d3054d17,Baby Bee Adore-A-Ball Yarn,Baby Bee,Forest,81232705,Burnt Pumpkin,2544039,https://www.hobbylobby.com/yarn-needle-art/yarn-tools/yarn/baby-bee-adore-a-ball-yarn/p/ab46369,True,100% Polyester,5 - Bulky,orange
765df838-7a4c-423d-a8d7-69c9d3054d17,Baby Bee Adore-A-Ball Yarn,Baby Bee,Black,81232711,Burnt Pumpkin,2544039,https://www.hobbylobby.com/yarn-needle-art/yarn-tools/yarn/baby-bee-adore-a-ball-yarn/p/ab46369,True,100% Polyester,5 - Bulky,orange
765df838-7a4c-423d-a8d7-69c9d3054d17,Baby Bee Adore-A-Ball Yarn,Baby Bee,Pink,81232710,Burnt Pumpkin,2544039,https://www.hobbylobby.com/yarn-needle-art/yarn-tools/yarn/baby-bee-adore-a-ball-yarn/p/ab46369,True,100% Polyester,5 - Bulky,orange
765df838-7a4c-423d-a8d7-69c9d3054d17,Baby Bee Adore-A-Ball Yarn,Baby Bee,Burnt Pumpkin,81232718,Burnt Pumpkin,2544039,https://www.hobbylobby.com/yarn-needle-art/yarn-tools/yarn/baby-bee-adore-a-ball-yarn/p/ab46369,True,100% Polyester,5 - Bulky,orange
765df838-7a4c-423d-a8d7-69c9d3054d17,Baby Bee Adore-A-Ball Yarn,Baby Bee,Light Sage,81232709,Burnt Pumpkin,2544039,https://www.hobbylobby.com/yarn-needle-art/yarn-tools/yarn/baby-bee-adore-a-ball-yarn/p/ab46369,True,100% Polyester,5 - Bulky,orange
765df838-7a4c-423d-a8d7-69c9d3054d17,Baby Bee Adore-A-Ball Yarn,Baby Bee,Sungold,81232714,Burnt Pumpkin,2544039,https://www.hobbylobby.com/yarn-needle-art/yarn-tools/yarn/baby-bee-adore-a-ball-yarn/p/ab46369,True,100% Polyester,5 - Bulky,orange
cb1565c7-bf24-4398-8db4-d3e640f1ada0,Yarn Bee Velvety Smooth Yarn,Yarn Bee,1 Ivory,80892242,13 Pumpkin,1964097,https://www.hobbylobby.com/yarn-needle-art/yarn-tools/yarn/yarn-bee-velvety-smooth-yarn/p/vs92612,True,100% Polyester,5 - Bulky,orange
cb1565c7-bf24-4398-8db4-d3e640f1ada0,Yarn Bee Velvety Smooth Yarn,Yarn Bee,2 Black,80892244,13 Pumpkin,1964097,https://www.hobbylobby.com/yarn-needle-art/yarn-tools/yarn/yarn-bee-velvety-smooth-yarn/p/vs92612,True,100% Polyester,5 - Bulky,orange
cb1565c7-bf24-4398-8db4-d3e640f1ada0,Yarn Bee Velvety Smooth Yarn,Yarn Bee,3 Silver,80892245,13 Pumpkin,1964097,https://www.hobbylobby.com/yarn-needle-art/yarn-tools/yarn/yarn-bee-velvety-smooth-yarn/p/vs92612,True,100% Polyester,5 - Bulky,orange
cb1565c7-bf24-4398-8db4-d3e640f1ada0,Yarn Bee Velvety Smooth Yarn,Yarn Bee,04 Red,80892246,13 Pumpkin,1964097,https://www.hobbylobby.com/yarn-needle-art/yarn-tools/yarn/yarn-bee-velvety-smooth-yarn/p/vs92612,True,100% Polyester,5 - Bulky,orange
cb1565c7-bf24-4398-8db4-d3e640f1ada0,Yarn Bee Velvety Smooth Yarn,Yarn Bee,5 Olive,80892247,13 Pumpkin,1964097,https://www.hobbylobby.com/yarn-needle-art/yarn-tools/yarn/yarn-bee-velvety-smooth-yarn/p/vs92612,True,100% Polyester,5 - Bulky,orange
cb1565c7-bf24-4398-8db4-d3e640f1ada0,Yarn Bee Velvety Smooth Yarn,Yarn Bee,6 Blush,80892248,13 Pumpkin,1964097,https://www.hobbylobby.com/yarn-needle-art/yarn-tools/yarn/yarn-bee-velvety-smooth-yarn/p/vs92612,True,100% Polyester,5 - Bulky,orange
cb1565c7-bf24-4398-8db4-d3e640f1ada0,Yarn Bee Velvety Smooth Yarn,Yarn Bee,7 Purple,80892249,13 Pumpkin,1964097,https://www.hobbylobby.com/yarn-needle-art/yarn-tools/yarn/yarn-bee-velvety-smooth-yarn/p/vs92612,True,100% Polyester,5 - Bulky,orange
cb1565c7-bf24-4398-8db4-d3e640f1ada0,Yarn Bee Velvety Smooth Yarn,Yarn Bee,9 Counting Clouds,80892251,13 Pumpkin,1964097,https://www.hobbylobby.com/yarn-needle-art/yarn-tools/yarn/yarn-bee-velvety-smooth-yarn/p/vs92612,True,100% Polyester,5 - Bulky,orange
cb1565c7-bf24-4398-8db4-d3e640f1ada0,Yarn Bee Velvety Smooth Yarn,Yarn Bee,10 Navy,80953008,13 Pumpkin,1964097,https://www.hobbylobby.com/yarn-needle-art/yarn-tools/yarn/yarn-bee-velvety-smooth-yarn/p/vs92612,True,100% Polyester,5 - Bulky,orange
cb1565c7-bf24-4398-8db4-d3e640f1ada0,Yarn Bee Velvety Smooth Yarn,Yarn Bee,11 Teal Green,80953009,13 Pumpkin,1964097,https://www.hobbylobby.com/yarn-needle-art/yarn-tools/yarn/yarn-bee-velvety-smooth-yarn/p/vs92612,True,100% Polyester,5 - Bulky,orange
cb1565c7-bf24-4398-8db4-d3e640f1ada0,Yarn Bee Velvety Smooth Yarn,Yarn Bee,12 Mustard,80953010,13 Pumpkin,1964097,https://www.hobbylobby.com/yarn-needle-art/yarn-tools/yarn/yarn-bee-velvety-smooth-yarn/p/vs92612,True,100% Polyester,5 - Bulky,orange
cb1565c7-bf24-4398-8db4-d3e640f1ada0,Yarn Bee Velvety Smooth Yarn,Yarn Bee,13 Pumpkin,80990673,13 Pumpkin,1964097,https://www.hobbylobby.com/yarn-needle-art/yarn-tools/yarn/yarn-bee-velvety-smooth-yarn/p/vs92612,True,100% Polyester,5 - Bulky,orange
352a10f8-8d34-4879-b909-75507c6ea7ca,Sparkle Yarn Bee Soft & Sleek Yarn,Yarn Bee,222 White Sparkle,80953162,224 Silver Sparkle,1839224,https://www.hobbylobby.com/yarn-needle-art/yarn-tools/yarn/sparkle-yarn-bee-soft-sleek-yarn/p/ss36356,True,98% Low Pill Acrylic & 2% Metallic Polyester,4 - Medium,silver
352a10f8-8d34-4879-b909-75507c6ea7ca,Sparkle Yarn Bee Soft & Sleek Yarn,Yarn Bee,224 Silver Sparkle,80953163,224 Silver Sparkle,1839224,https://www.hobbylobby.com/yarn-needle-art/yarn-tools/yarn/sparkle-yarn-bee-soft-sleek-yarn/p/ss36356,True,98% Low Pill Acrylic & 2% Metallic Polyester,4 - Medium,silver
f15ac9ac-14be-4223-8c21-fd88d3d192c5,Yarn Bee Effortless Super Bulky Yarn,Yarn Bee,225 Spring Rain,80844172,Wildbrush,2574416,https://www.hobbylobby.com/yarn-needle-art/yarn-tools/yarn/yarn-bee-effortless-super-bulky-yarn/p/yn20440,True,80% Acrylic & 20% Alpaca,6 - Super Bulky,multi
f15ac9ac-14be-4223-8c21-fd88d3d192c5,Yarn Bee Effortless Super Bulky Yarn,Yarn Bee,134 Eggnog,35975,Wildbrush,2574416,https://www.hobbylobby.com/yarn-needle-art/yarn-tools/yarn/yarn-bee-effortless-super-bulky-yarn/p/yn20440,True,80% Acrylic & 20% Alpaca,6 - Super Bulky,multi
f15ac9ac-14be-4223-8c21-fd88d3d192c5,Yarn Bee Effortless Super Bulky Yarn,Yarn Bee,235 Mossy Acre,80844174,Wildbrush,2574416,https://www.hobbylobby.com/yarn-needle-art/yarn-tools/yarn/yarn-bee-effortless-super-bulky-yarn/p/yn20440,True,80% Acrylic & 20% Alpaca,6 - Super Bulky,multi
f15ac9ac-14be-4223-8c21-fd88d3d192c5,Yarn Bee Effortless Super Bulky Yarn,Yarn Bee,262 Neptune Horizon,81076686,Wildbrush,2574416,https://www.hobbylobby.com/yarn-needle-art/yarn-tools/yarn/yarn-bee-effortless-super-bulky-yarn/p/yn20440,True,80% Acrylic & 20% Alpaca,6 - Super Bulky,multi
f15ac9ac-14be-4223-8c21-fd88d3d192c5,Yarn Bee Effortless Super Bulky Yarn,Yarn Bee,266 Dried Sage,81076694,Wildbrush,2574416,https://www.hobbylobby.com/yarn-needle-art/yarn-tools/yarn/yarn-bee-effortless-super-bulky-yarn/p/yn20440,True,80% Acrylic & 20% Alpaca,6 - Super Bulky,multi
f15ac9ac-14be-4223-8c21-fd88d3d192c5,Yarn Bee Effortless Super Bulky Yarn,Yarn Bee,272 Hazel and Hickory,81148051,Wildbrush,2574416,https://www.hobbylobby.com/yarn-needle-art/yarn-tools/yarn/yarn-bee-effortless-super-bulky-yarn/p/yn20440,True,80% Acrylic & 20% Alpaca,6 - Super Bulky,multi
f15ac9ac-14be-4223-8c21-fd88d3d192c5,Yarn Bee Effortless Super Bulky Yarn,Yarn Bee,102 Biscotti,34757,Wildbrush,2574416,https://www.hobbylobby.com/yarn-needle-art/yarn-tools/yarn/yarn-bee-effortless-super-bulky-yarn/p/yn20440,True,80% Acrylic & 20% Alpaca,6 - Super Bulky,multi
f15ac9ac-14be-4223-8c21-fd88d3d192c5,Yarn Bee Effortless Super Bulky Yarn,Yarn Bee,Earthtones,81235855,Wildbrush,2574416,https://www.hobbylobby.com/yarn-needle-art/yarn-tools/yarn/yarn-bee-effortless-super-bulky-yarn/p/yn20440,True,80% Acrylic & 20% Alpaca,6 - Super Bulky,multi
f15ac9ac-14be-4223-8c21-fd88d3d192c5,Yarn Bee Effortless Super Bulky Yarn,Yarn Bee,Delphinium,81241514,Wildbrush,2574416,https://www.hobbylobby.com/yarn-needle-art/yarn-tools/yarn/yarn-bee-effortless-super-bulky-yarn/p/yn20440,True,80% Acrylic & 20% Alpaca,6 - Super Bulky,multi
f15ac9ac-14be-4223-8c21-fd88d3d192c5,Yarn Bee Effortless Super Bulky Yarn,Yarn Bee,Wildbrush,81241515,Wildbrush,2574416,https://www.hobbylobby.com/yarn-needle-art/yarn-tools/yarn/yarn-bee-effortless-super-bulky-yarn/p/yn20440,True,80% Acrylic & 20% Alpaca,6 - Super Bulky,multi
2e9fa51d-e8df-47d6-875b-611421bea737,Baby Bee Sweet Delight Yarn,Baby Bee,13 Soft Licorice,139113,99 Toy Elephant,391508,https://www.hobbylobby.com/yarn-needle-art/yarn-tools/yarn/baby-bee-sweet-delight-yarn/p/yn20220,True,60% Acrylic & 40% Polyamide,3 - Light,gray
2e9fa51d-e8df-47d6-875b-611421bea737,Baby Bee Sweet Delight Yarn,Baby Bee,10 Angel,35555,99 Toy Elephant,391508,https://www.hobbylobby.com/yarn-needle-art/yarn-tools/yarn/baby-bee-sweet-delight-yarn/p/yn20220,True,60% Acrylic & 40% Polyamide,3 - Light,gray
2e9fa51d-e8df-47d6-875b-611421bea737,Baby Bee Sweet Delight Yarn,Baby Bee,11 Naked,35556,99 Toy Elephant,391508,https://www.hobbylobby.com/yarn-needle-art/yarn-tools/yarn/baby-bee-sweet-delight-yarn/p/yn20220,True,60% Acrylic & 40% Polyamide,3 - Light,gray
2e9fa51d-e8df-47d6-875b-611421bea737,Baby Bee Sweet Delight Yarn,Baby Bee,16 Sunkisses,35557,99 Toy Elephant,391508,https://www.hobbylobby.com/yarn-needle-art/yarn-tools/yarn/baby-bee-sweet-delight-yarn/p/yn20220,True,60% Acrylic & 40% Polyamide,3 - Light,gray
2e9fa51d-e8df-47d6-875b-611421bea737,Baby Bee Sweet Delight Yarn,Baby Bee,26 Mint Charm,35560,99 Toy Elephant,391508,https://www.hobbylobby.com/yarn-needle-art/yarn-tools/yarn/baby-bee-sweet-delight-yarn/p/yn20220,True,60% Acrylic & 40% Polyamide,3 - Light,gray
2e9fa51d-e8df-47d6-875b-611421bea737,Baby Bee Sweet Delight Yarn,Baby Bee,36 Pink-a-Boo,35563,99 Toy Elephant,391508,https://www.hobbylobby.com/yarn-needle-art/yarn-tools/yarn/baby-bee-sweet-delight-yarn/p/yn20220,True,60% Acrylic & 40% Polyamide,3 - Light,gray
2e9fa51d-e8df-47d6-875b-611421bea737,Baby Bee Sweet Delight Yarn,Baby Bee,40 Boo Pink,35564,99 Toy Elephant,391508,https://www.hobbylobby.com/yarn-needle-art/yarn-tools/yarn/baby-bee-sweet-delight-yarn/p/yn20220,True,60% Acrylic & 40% Polyamide,3 - Light,gray
2e9fa51d-e8df-47d6-875b-611421bea737,Baby Bee Sweet Delight Yarn,Baby Bee,50 Baby's Blue,35567,99 Toy Elephant,391508,https://www.hobbylobby.com/yarn-needle-art/yarn-tools/yarn/baby-bee-sweet-delight-yarn/p/yn20220,True,60% Acrylic & 40% Polyamide,3 - Light,gray
2e9fa51d-e8df-47d6-875b-611421bea737,Baby Bee Sweet Delight Yarn,Baby Bee,60 Sugarplum,35568,99 Toy Elephant,391508,https://www.hobbylobby.com/yarn-needle-art/yarn-tools/yarn/baby-bee-sweet-delight-yarn/p/yn20220,True,60% Acrylic & 40% Polyamide,3 - Light,gray
2e9fa51d-e8df-47d6-875b-611421bea737,Baby Bee Sweet Delight Yarn,Baby Bee,66 Surf Baby,35569,99 Toy Elephant,391508,https://www.hobbylobby.com/yarn-needle-art/yarn-tools/yarn/baby-bee-sweet-delight-yarn/p/yn20220,True,60% Acrylic & 40% Polyamide,3 - Light,gray
2e9fa51d-e8df-47d6-875b-611421bea737,Baby Bee Sweet Delight Yarn,Baby Bee,76 Bashfull,35571,99 Toy Elephant,391508,https://www.hobbylobby.com/yarn-needle-art/yarn-tools/yarn/baby-bee-sweet-delight-yarn/p/yn20220,True,60% Acrylic & 40% Polyamide,3 - Light,gray
2e9fa51d-e8df-47d6-875b-611421bea737,Baby Bee Sweet Delight Yarn,Baby Bee,14 Teddy,35572,99 Toy Elephant,391508,https://www.hobbylobby.com/yarn-needle-art/yarn-tools/yarn/baby-bee-sweet-delight-yarn/p/yn20220,True,60% Acrylic & 40% Polyamide,3 - Light,gray
2e9fa51d-e8df-47d6-875b-611421bea737,Baby Bee Sweet Delight Yarn,Baby Bee,80 Chocolate,36000,99 Toy Elephant,391508,https://www.hobbylobby.com/yarn-needle-art/yarn-tools/yarn/baby-bee-sweet-delight-yarn/p/yn20220,True,60% Acrylic & 40% Polyamide,3 - Light,gray
2e9fa51d-e8df-47d6-875b-611421bea737,Baby Bee Sweet Delight Yarn,Baby Bee,82 Baby Sage,36001,99 Toy Elephant,391508,https://www.hobbylobby.com/yarn-needle-art/yarn-tools/yarn/baby-bee-sweet-delight-yarn/p/yn20220,True,60% Acrylic & 40% Polyamide,3 - Light,gray
2e9fa51d-e8df-47d6-875b-611421bea737,Baby Bee Sweet Delight Yarn,Baby Bee,126 Baby Camo,36004,99 Toy Elephant,391508,https://www.hobbylobby.com/yarn-needle-art/yarn-tools/yarn/baby-bee-sweet-delight-yarn/p/yn20220,True,60% Acrylic & 40% Polyamide,3 - Light,gray
2e9fa51d-e8df-47d6-875b-611421bea737,Baby Bee Sweet Delight Yarn,Baby Bee,96 Teal Too!,36673,99 Toy Elephant,391508,https://www.hobbylobby.com/yarn-needle-art/yarn-tools/yarn/baby-bee-sweet-delight-yarn/p/yn20220,True,60% Acrylic & 40% Polyamide,3 - Light,gray
2e9fa51d-e8df-47d6-875b-611421bea737,Baby Bee Sweet Delight Yarn,Baby Bee,107 Flannel,80672688,99 Toy Elephant,391508,https://www.hobbylobby.com/yarn-needle-art/yarn-tools/yarn/baby-bee-sweet-delight-yarn/p/yn20220,True,60% Acrylic & 40% Polyamide,3 - Light,gray
2e9fa51d-e8df-47d6-875b-611421bea737,Baby Bee Sweet Delight Yarn,Baby Bee,400 Pink-A-Boo Marled,80784724,99 Toy Elephant,391508,https://www.hobbylobby.com/yarn-needle-art/yarn-tools/yarn/baby-bee-sweet-delight-yarn/p/yn20220,True,60% Acrylic & 40% Polyamide,3 - Light,gray
2e9fa51d-e8df-47d6-875b-611421bea737,Baby Bee Sweet Delight Yarn,Baby Bee,402 Flannel Marled,80784732,99 Toy Elephant,391508,https://www.hobbylobby.com/yarn-needle-art/yarn-tools/yarn/baby-bee-sweet-delight-yarn/p/yn20220,True,60% Acrylic & 40% Polyamide,3 - Light,gray
2e9fa51d-e8df-47d6-875b-611421bea737,Baby Bee Sweet Delight Yarn,Baby Bee,404 Sand Castle,80784757,99 Toy Elephant,391508,https://www.hobbylobby.com/yarn-needle-art/yarn-tools/yarn/baby-bee-sweet-delight-yarn/p/yn20220,True,60% Acrylic & 40% Polyamide,3 - Light,gray
2e9fa51d-e8df-47d6-875b-611421bea737,Baby Bee Sweet Delight Yarn,Baby Bee,424 Jumping Juniper,81040542,99 Toy Elephant,391508,https://www.hobbylobby.com/yarn-needle-art/yarn-tools/yarn/baby-bee-sweet-delight-yarn/p/yn20220,True,60% Acrylic & 40% Polyamide,3 - Light,gray
2e9fa51d-e8df-47d6-875b-611421bea737,Baby Bee Sweet Delight Yarn,Baby Bee,0062 Ballet Slipper,81077002,99 Toy Elephant,391508,https://www.hobbylobby.com/yarn-needle-art/yarn-tools/yarn/baby-bee-sweet-delight-yarn/p/yn20220,True,60% Acrylic & 40% Polyamide,3 - Light,gray
2e9fa51d-e8df-47d6-875b-611421bea737,Baby Bee Sweet Delight Yarn,Baby Bee,0064 Set Sail,81077005,99 Toy Elephant,391508,https://www.hobbylobby.com/yarn-needle-art/yarn-tools/yarn/baby-bee-sweet-delight-yarn/p/yn20220,True,60% Acrylic & 40% Polyamide,3 - Light,gray
2e9fa51d-e8df-47d6-875b-611421bea737,Baby Bee Sweet Delight Yarn,Baby Bee,0008 Green Light,81077007,99 Toy Elephant,391508,https://www.hobbylobby.com/yarn-needle-art/yarn-tools/yarn/baby-bee-sweet-delight-yarn/p/yn20220,True,60% Acrylic & 40% Polyamide,3 - Light,gray
2e9fa51d-e8df-47d6-875b-611421bea737,Baby Bee Sweet Delight Yarn,Baby Bee,0055 Gingerbread,81077008,99 Toy Elephant,391508,https://www.hobbylobby.com/yarn-needle-art/yarn-tools/yarn/baby-bee-sweet-delight-yarn/p/yn20220,True,60% Acrylic & 40% Polyamide,3 - Light,gray
2e9fa51d-e8df-47d6-875b-611421bea737,Baby Bee Sweet Delight Yarn,Baby Bee,0061 Plum Pudding,81077009,99 Toy Elephant,391508,https://www.hobbylobby.com/yarn-needle-art/yarn-tools/yarn/baby-bee-sweet-delight-yarn/p/yn20220,True,60% Acrylic & 40% Polyamide,3 - Light,gray
2e9fa51d-e8df-47d6-875b-611421bea737,Baby Bee Sweet Delight Yarn,Baby Bee,99 Toy Elephant,96076,99 Toy Elephant,391508,https://www.hobbylobby.com/yarn-needle-art/yarn-tools/yarn/baby-bee-sweet-delight-yarn/p/yn20220,True,60% Acrylic & 40% Polyamide,3 - Light,gray
2e9fa51d-e8df-47d6-875b-611421bea737,Baby Bee Sweet Delight Yarn,Baby Bee,0060 Miss Mauve,81185261,99 Toy Elephant,391508,https://www.hobbylobby.com/yarn-needle-art/yarn-tools/yarn/baby-bee-sweet-delight-yarn/p/yn20220,True,60% Acrylic & 40% Polyamide,3 - Light,gray
2e9fa51d-e8df-47d6-875b-611421bea737,Baby Bee Sweet Delight Yarn,Baby Bee,10 Shamrock N Roll,81185262,99 Toy Elephant,391508,https://www.hobbylobby.com/yarn-needle-art/yarn-tools/yarn/baby-bee-sweet-delight-yarn/p/yn20220,True,60% Acrylic & 40% Polyamide,3 - Light,gray
2e9fa51d-e8df-47d6-875b-611421bea737,Baby Bee Sweet Delight Yarn,Baby Bee,20 Sapphire,81185277,99 Toy Elephant,391508,https://www.hobbylobby.com/yarn-needle-art/yarn-tools/yarn/baby-bee-sweet-delight-yarn/p/yn20220,True,60% Acrylic & 40% Polyamide,3 - Light,gray
2e9fa51d-e8df-47d6-875b-611421bea737,Baby Bee Sweet Delight Yarn,Baby Bee,0050 Espresso,81185278,99 Toy Elephant,391508,https://www.hobbylobby.com/yarn-needle-art/yarn-tools/yarn/baby-bee-sweet-delight-yarn/p/yn20220,True,60% Acrylic & 40% Polyamide,3 - Light,gray
2e9fa51d-e8df-47d6-875b-611421bea737,Baby Bee Sweet Delight Yarn,Baby Bee,12 Give Me The Moon,81185293,99 Toy Elephant,391508,https://www.hobbylobby.com/yarn-needle-art/yarn-tools/yarn/baby-bee-sweet-delight-yarn/p/yn20220,True,60% Acrylic & 40% Polyamide,3 - Light,gray
13c74707-310c-4009-8ab1-8564dc1a1e13,Yarn Bee Perfectly Plush Yarn,Yarn Bee,06 Dusty Terracotta,81079617,06 Dusty Terracotta,2203792,https://www.hobbylobby.com/yarn-needle-art/yarn-tools/yarn/yarn-bee-perfectly-plush-yarn/p/art77,False,100% Micro Polyester,7 - Jumbo,orange
1044f207-1584-4040-80ed-bb8b68389826,Yarn Bee Dream Supreme Yarn,Yarn Bee,Soft Pink,81234990,Soft Pink,2553733,https://www.hobbylobby.com/yarn-needle-art/yarn-tools/yarn/yarn-bee-dream-supreme-yarn/p/dream22,False,100% Premium Micro Acrylic,6 - Super Bulky,pink
1044f207-1584-4040-80ed-bb8b68389826,Yarn Bee Dream Supreme Yarn,Yarn Bee,White,81234987,Soft Pink,2553733,https://www.hobbylobby.com/yarn-needle-art/yarn-tools/yarn/yarn-bee-dream-supreme-yarn/p/dream22,False,100% Premium Micro Acrylic,6 - Super Bulky,pink
1044f207-1584-4040-80ed-bb8b68389826,Yarn Bee Dream Supreme Yarn,Yarn Bee,Black,81234989,Soft Pink,2553733,https://www.hobbylobby.com/yarn-needle-art/yarn-tools/yarn/yarn-bee-dream-supreme-yarn/p/dream22,False,100% Premium Micro Acrylic,6 - Super Bulky,pink
57df65b3-344f-4948-ab0c-554fb4ba86f4,Lion Brand Ice Cream Yarn,Lion Brand,201 Cotton Candy,,201 Cotton Candy,1165794,https://www.hobbylobby.com/yarn-needle-art/yarn-tools/yarn/lion-brand-ice-cream-yarn/p/yn201113,False,100% Acrylic,3 - Light,multi
9750e288-b8e2-4304-ad30-0e46f760d39b,Yarn Bee Must Be Merino Aran Yarn,Yarn Bee,12 Granite,,12 Granite,1964394,https://www.hobbylobby.com/yarn-needle-art/yarn-tools/yarn/yarn-bee-must-be-merino-aran-yarn/p/mm07774,False,"50% Merino Wool, 25% Acrylic & 25% Nylon",4 - Medium,gray
78e60eaf-7218-4a56-9ba4-8c0e583c5c77,Yarn Bee Chloe Yarn,Yarn Bee,32 Ombre Sky,,32 Ombre Sky,2196103,https://www.hobbylobby.com/yarn-needle-art/yarn-tools/yarn/yarn-bee-chloe-yarn/p/ch64952,False,70% Wool & 30% Viscose,4 - Medium,multi
11f371cf-c7bf-4e80-908a-837aac39f16a,Baby Bee Sweet Delight Pomp Yarn,Baby Bee,236 Pink-a-Boo,35548,236 Pink-a-Boo,291245,https://www.hobbylobby.com/yarn-needle-art/yarn-tools/yarn/baby-bee-sweet-delight-pomp-yarn/p/yn20240,False,"54% Acrylic, 36% Polyamide & 10% Rayon",3 - Light,pink
11f371cf-c7bf-4e80-908a-837aac39f16a,Baby Bee Sweet Delight Pomp Yarn,Baby Bee,210 Angel,35544,236 Pink-a-Boo,291245,https://www.hobbylobby.com/yarn-needle-art/yarn-tools/yarn/baby-bee-sweet-delight-pomp-yarn/p/yn20240,False,"54% Acrylic, 36% Polyamide & 10% Rayon",3 - Light,pink
